<step title="Incoming Request" date="2025-12-05T01:14:01.550" instance="5e7dc0" url="/api/publish?type=zip" method="POST" type="request" pid="768,1,15" Accept="*/*" Host="kr-pricing-api.scm.azurewebsites.net" User-Agent="AZURECLI/2.80.0 (MSI)" Accept-Encoding="gzip, deflate" Authorization="Bea..." Cache-Control="no-cache" Content-Type="application/octet-stream" Cookie="ARRAffinity=5e7dc0e5c5a5403cba4c17e7c5bb24f69c4e8ffc46ad70011d7b912926566007; ARRAffinitySameSite=5e7dc0e5c5a5403cba4c17e7c5bb24f69c4e8ffc46ad70011d7b912926566007" Content-Length="26255102" x-ms-client-request-id="9dd74e55-d177-11f0-83d0-7412b3bc5cec" x-ms-artifact-checksum="77bff12297589eac3a247c883d15a4fab7d710e940b4714b0e70bf30f792a9ff" X-ARR-LOG-ID="9dd74e55-d177-11f0-83d0-7412b3bc5cec" CLIENT-IP="24.227.166.130:64349" X-SITE-DEPLOYMENT-ID="kr-pricing-api" WAS-DEFAULT-HOSTNAME="kr-pricing-api.scm.azurewebsites.net" X-Forwarded-Proto="https" X-AppService-Proto="https" X-Forwarded-TlsVersion="1.3" X-WAWS-Unencoded-URL="/api/publish?type=zip" X-Client-IP="24.227.166.130" X-Client-Port="64349" >
  <step title="OneDeploy" date="2025-12-05T01:14:01.970" >
    <step title="None repository commit" date="2025-12-05T01:14:02.018" >
      <step title="Commit id: 26946e3b-1435-40a1-98ab-5a1bda1eae83" date="2025-12-05T01:14:02.028" Message="N/A" AuthorName="N/A" AuthorEmail="N/A" /><!-- duration: 3ms -->
    </step><!-- duration: 28ms -->
    <step title="Starting PushDeployAsync" date="2025-12-05T01:14:02.058" /><!-- duration: 10ms -->
    <step title="Writing artifact to /tmp/zipdeploy/9f0dba89-9e64-44b8-983e-1ea39dbc9428.zip" date="2025-12-05T01:14:02.117" >
      <step title="Writing multipart request body to /tmp/zipdeploy/9f0dba89-9e64-44b8-983e-1ea39dbc9428.zip" date="2025-12-05T01:14:02.164" /><!-- duration: 9ms -->
    </step><!-- duration: 17435ms -->
    <step title="Attempting to fetch target branch HEAD" date="2025-12-05T01:14:19.567" /><!-- duration: 3ms -->
    <step title="Acquiring Deployment Lock" date="2025-12-05T01:14:19.574" /><!-- duration: 9ms -->
    <step title="Acquired Deployment Lock" date="2025-12-05T01:14:19.617" /><!-- duration: 4ms -->
    <step title="Performing fetch based deployment" date="2025-12-05T01:14:19.629" >
      <step title="Creating temporary deployment" date="2025-12-05T01:14:19.634" /><!-- duration: 64ms -->
      <step title="Releasing Deployment Lock" date="2025-12-05T01:14:20.838" /><!-- duration: 5ms -->
      <step title="Cleaning up temp folders from previous zip deployments and extracting pushed zip file /tmp/zipdeploy/9f0dba89-9e64-44b8-983e-1ea39dbc9428.zip (25.04 MB) to /tmp/zipdeploy/extracted" date="2025-12-05T01:14:20.909" >
        <step title="ChmodRecursive Process exited with total time taken in ms: 412" date="2025-12-05T01:14:27.736" /><!-- duration: 17ms -->
      </step><!-- duration: 6873ms -->
      <step title="None repository commit" date="2025-12-05T01:14:27.791" >
        <step title="Commit id: 26946e3b-1435-40a1-98ab-5a1bda1eae83" date="2025-12-05T01:14:27.794" Message="OneDeploy" AuthorName="N/A" AuthorEmail="N/A" /><!-- duration: 9ms -->
      </step><!-- duration: 29ms -->
      <step title="Deployment timer started" date="2025-12-05T01:14:29.862" >
        <step title="DeploymentManager.Deploy(id:26946e3b-1435-40a1-98ab-5a1bda1eae83)" date="2025-12-05T01:14:29.875" >
          <step title="Collecting changeset information" date="2025-12-05T01:14:29.902" /><!-- duration: 100ms -->
          <step title="Updating submodules" date="2025-12-05T01:14:30.011" /><!-- duration: 1121ms -->
          <step title="Determining deployment builder" date="2025-12-05T01:14:31.341" >
            <step title="Builder is OneDeployBuilder" date="2025-12-05T01:14:31.362" /><!-- duration: 7ms -->
          </step><!-- duration: 32ms -->
          <step title="PreDeployment: context.CleanOutputPath False" date="2025-12-05T01:14:31.428" >
            <step title="PreDeployment: context.OutputPath /home/site/wwwroot" date="2025-12-05T01:14:31.566" >
              <step title="Building" date="2025-12-05T01:14:31.712" >
                <step title="Executing external process" date="2025-12-05T01:14:32.268" type="process" path="starter.sh" arguments="/opt/Kudu/Scripts/parallel_rsync.sh /tmp/zipdeploy/extracted /home/site/wwwroot 8 /tmp/ False False  " /><!-- duration: 66896ms -->
                <step title="Modified file to trigger a restart of the app container." date="2025-12-05T01:15:39.629" /><!-- duration: 3ms -->
                <step title="Skip function trigger and logicapp sync because function is not enabled." date="2025-12-05T01:15:39.646" /><!-- duration: 3ms -->
                <step title="Purge deployment items" date="2025-12-05T01:15:40.736" >
                  <step title="Remove 9c0e0d93-, Failed, received at 12/05/2025 01:02:01" date="2025-12-05T01:15:40.795" /><!-- duration: 4ms -->
                  <step title="Remove temp-6c4c, Failed, received at 12/05/2025 01:01:43" date="2025-12-05T01:15:40.863" /><!-- duration: 9ms -->
                  <step title="Remove 0094d1dc-, Failed, received at 12/05/2025 00:58:52" date="2025-12-05T01:15:40.921" /><!-- duration: 3ms -->
                  <step title="Remove temp-cbce, Failed, received at 12/05/2025 00:58:47" date="2025-12-05T01:15:40.977" /><!-- duration: 3ms -->
                  <step title="Remove f0b87234-, Failed, received at 12/05/2025 00:53:32" date="2025-12-05T01:15:41.031" /><!-- duration: 3ms -->
                </step><!-- duration: 301ms -->
              </step><!-- duration: 69391ms -->
            </step><!-- duration: 69542ms -->
            <step title="Cleaning up temp files" date="2025-12-05T01:15:41.112" /><!-- duration: 5ms -->
            <step title="Cleaning up temp files" date="2025-12-05T01:15:41.128" /><!-- duration: 513ms -->
            <step title="Reloading status file with latest updates" date="2025-12-05T01:15:41.664" >
              <step title="WebHooksManager.PublishEventAsync: PostDeployment" date="2025-12-05T01:15:41.669" /><!-- duration: 188ms -->
            </step><!-- duration: 204ms -->
            <step title="Cleaning up temporary deployment - fetch deployment was successful" date="2025-12-05T01:15:41.876" /><!-- duration: 3ms -->
          </step><!-- duration: 70514ms -->
        </step><!-- duration: 72091ms -->
        <step title="Outgoing response" date="2025-12-05T01:15:42.001" type="response" statusCode="200" statusText="OK" /><!-- duration: 4ms -->
      </step><!-- duration: 72146ms -->
