<step title="Incoming Request" date="2025-12-05T00:52:52.005" instance="5e7dc0" url="/api/zipdeploy?isAsync=true" method="POST" type="request" pid="768,1,17" Accept="*/*" Host="kr-pricing-api.scm.azurewebsites.net" User-Agent="AZURECLI/2.80.0 (MSI)" Accept-Encoding="gzip, deflate" Authorization="Bea..." Cache-Control="no-cache" Content-Type="application/octet-stream" Content-Length="51356106" x-ms-client-request-id="b3959fb1-d174-11f0-9341-7412b3bc5cec" x-ms-artifact-checksum="4dfd926c81760c46fc94c75fe01c5c33e7f31c97ea1652bac6fe54499189e52a" X-ARR-LOG-ID="b3959fb1-d174-11f0-9341-7412b3bc5cec" CLIENT-IP="24.227.166.130:55781" X-SITE-DEPLOYMENT-ID="kr-pricing-api" WAS-DEFAULT-HOSTNAME="kr-pricing-api.scm.azurewebsites.net" X-Forwarded-Proto="https" X-AppService-Proto="https" X-Forwarded-TlsVersion="1.3" X-WAWS-Unencoded-URL="/api/zipdeploy?isAsync=true" X-Client-IP="24.227.166.130" X-Client-Port="55781" >
  <step title="ZipPushDeploy" date="2025-12-05T00:52:53.170" >
    <step title="ZipDeploy. Extract zip. Remote build." date="2025-12-05T00:52:53.183" /><!-- duration: 3ms -->
    <step title="None repository commit" date="2025-12-05T00:52:53.202" >
      <step title="Commit id: f0b87234-5191-4999-9763-00b3600b9574" date="2025-12-05T00:52:53.205" Message="N/A" AuthorName="N/A" AuthorEmail="N/A" /><!-- duration: 4ms -->
    </step><!-- duration: 10ms -->
    <step title="Starting PushDeployAsync" date="2025-12-05T00:52:53.216" /><!-- duration: 3ms -->
    <step title="Writing artifact to /tmp/zipdeploy/3569798e-efc5-4adc-8959-1dc35e6caf3d.zip" date="2025-12-05T00:52:53.261" >
      <step title="Writing multipart request body to /tmp/zipdeploy/3569798e-efc5-4adc-8959-1dc35e6caf3d.zip" date="2025-12-05T00:52:53.266" /><!-- duration: 4ms -->
    </step><!-- duration: 34994ms -->
    <step title="Start deployment in the background" date="2025-12-05T00:53:28.275" >
      <step title="Acquiring Deployment Lock" date="2025-12-05T00:53:28.323" /><!-- duration: 20ms -->
      <step title="Acquired Deployment Lock" date="2025-12-05T00:53:28.402" /><!-- duration: 5ms -->
    </step><!-- duration: 251ms -->
  </step><!-- duration: 35386ms -->
  <step title="Outgoing response" date="2025-12-05T00:53:28.594" type="response" statusCode="202" statusText="Accepted" /><!-- duration: 5ms -->
</step><!-- duration: 36596ms -->
