<step title="Incoming Request" date="2025-12-05T00:30:35.448" instance="5e7dc0" url="/api/publish?type=zip" method="POST" type="request" pid="768,1,16" Accept="*/*" Host="kr-pricing-api.scm.azurewebsites.net" User-Agent="AZURECLI/2.80.0 (MSI)" Accept-Encoding="gzip, deflate" Authorization="Bea..." Cache-Control="no-cache" Content-Type="application/octet-stream" Cookie="ARRAffinity=5e7dc0e5c5a5403cba4c17e7c5bb24f69c4e8ffc46ad70011d7b912926566007; ARRAffinitySameSite=5e7dc0e5c5a5403cba4c17e7c5bb24f69c4e8ffc46ad70011d7b912926566007" Content-Length="26255099" x-ms-client-request-id="985720d2-d171-11f0-a924-7412b3bc5cec" x-ms-artifact-checksum="3da504a0d4aa0b8982dff4602bd4e66f557b82c1d7732f0f7fc1cc46fd0f9e2f" X-ARR-LOG-ID="985720d2-d171-11f0-a924-7412b3bc5cec" CLIENT-IP="24.227.166.130:57640" X-SITE-DEPLOYMENT-ID="kr-pricing-api" WAS-DEFAULT-HOSTNAME="kr-pricing-api.scm.azurewebsites.net" X-Forwarded-Proto="https" X-AppService-Proto="https" X-Forwarded-TlsVersion="1.3" X-WAWS-Unencoded-URL="/api/publish?type=zip" X-Client-IP="24.227.166.130" X-Client-Port="57640" >
  <step title="OneDeploy" date="2025-12-05T00:30:35.799" >
    <step title="None repository commit" date="2025-12-05T00:30:35.940" >
      <step title="Commit id: 4e79cc70-af07-466b-9a78-949debc0a813" date="2025-12-05T00:30:35.962" Message="N/A" AuthorName="N/A" AuthorEmail="N/A" /><!-- duration: 28ms -->
    </step><!-- duration: 66ms -->
    <step title="Starting PushDeployAsync" date="2025-12-05T00:30:36.019" /><!-- duration: 37ms -->
    <step title="Writing artifact to /tmp/zipdeploy/3400fccc-d3ad-49c5-961e-0bd769e0a90f.zip" date="2025-12-05T00:30:36.156" >
      <step title="Writing multipart request body to /tmp/zipdeploy/3400fccc-d3ad-49c5-961e-0bd769e0a90f.zip" date="2025-12-05T00:30:36.195" /><!-- duration: 16ms -->
    </step><!-- duration: 17577ms -->
    <step title="Attempting to fetch target branch HEAD" date="2025-12-05T00:30:53.755" /><!-- duration: 4ms -->
    <step title="Acquiring Deployment Lock" date="2025-12-05T00:30:53.772" /><!-- duration: 4ms -->
    <step title="Acquired Deployment Lock" date="2025-12-05T00:30:53.823" /><!-- duration: 11ms -->
    <step title="Performing fetch based deployment" date="2025-12-05T00:30:53.845" >
      <step title="Creating temporary deployment" date="2025-12-05T00:30:53.851" /><!-- duration: 83ms -->
      <step title="Releasing Deployment Lock" date="2025-12-05T00:30:55.142" /><!-- duration: 8ms -->
      <step title="Cleaning up temp folders from previous zip deployments and extracting pushed zip file /tmp/zipdeploy/3400fccc-d3ad-49c5-961e-0bd769e0a90f.zip (25.04 MB) to /tmp/zipdeploy/extracted" date="2025-12-05T00:30:55.202" >
        <step title="ChmodRecursive Process exited with total time taken in ms: 565" date="2025-12-05T00:31:03.527" /><!-- duration: 20ms -->
      </step><!-- duration: 8407ms -->
      <step title="None repository commit" date="2025-12-05T00:31:03.626" >
        <step title="Commit id: 4e79cc70-af07-466b-9a78-949debc0a813" date="2025-12-05T00:31:03.631" Message="OneDeploy" AuthorName="N/A" AuthorEmail="N/A" /><!-- duration: 5ms -->
      </step><!-- duration: 23ms -->
      <step title="Deployment timer started" date="2025-12-05T00:31:05.737" >
        <step title="DeploymentManager.Deploy(id:4e79cc70-af07-466b-9a78-949debc0a813)" date="2025-12-05T00:31:05.748" >
          <step title="Collecting changeset information" date="2025-12-05T00:31:05.775" /><!-- duration: 155ms -->
          <step title="Updating submodules" date="2025-12-05T00:31:05.948" /><!-- duration: 1167ms -->
          <step title="Determining deployment builder" date="2025-12-05T00:31:07.400" >
            <step title="Builder is OryxBuilder" date="2025-12-05T00:31:07.423" /><!-- duration: 4ms -->
          </step><!-- duration: 32ms -->
          <step title="PreDeployment: context.CleanOutputPath False" date="2025-12-05T00:31:07.488" >
            <step title="PreDeployment: context.OutputPath /home/site/wwwroot" date="2025-12-05T00:31:07.642" >
              <step title="Building" date="2025-12-05T00:31:07.785" >
                <step title="Executing external process" date="2025-12-05T00:31:08.169" type="process" path="bash" arguments="-c &quot;oryx build /tmp/zipdeploy/extracted -o /home/site/wwwroot --platform python --platform-version 3.11 -p virtualenv_name=antenv --log-file /tmp/build-debug.log  -i /tmp/8de339594e5057d --compress-destination-dir | tee /tmp/oryx-build.log ; exit $PIPESTATUS &quot;" >
                  <step title="Process dump" date="2025-12-05T00:31:13.721" exitCode="1" type="processOutput" /><!-- duration: 8ms -->
                </step><!-- duration: 5572ms -->
                <step title="Error occurred" date="2025-12-05T00:31:13.807" type="error" text="Error: Oops... An unexpected error has occurred.
Error: Newtonsoft.Json.JsonReaderException: Error reading JObject from JsonReader. Current JsonReader item is not an object: StartArray. Path &apos;&apos;, line 1, position 1.
   at Newtonsoft.Json.Linq.JObject.Load(JsonReader reader, JsonLoadSettings settings)
   at Newtonsoft.Json.Linq.JObject.Parse(String json, JsonLoadSettings settings)
   at Newtonsoft.Json.Linq.JObject.Parse(String json)
   at Microsoft.Oryx.Detector.ParserHelper.ParseJsonFile(ISourceRepo sourceRepo, String filePath) in /__w/1/s/Oryx/src/Detector/ParserHelper.cs:line 86
   at Microsoft.Oryx.Detector.Hugo.HugoDetector.IsHugoJsonFile(ISourceRepo sourceRepo, String[] subPaths) in /__w/1/s/Oryx/src/Detector/Hugo/HugoDetector.cs:line 229
   at Microsoft.Oryx.Detector.Hugo.HugoDetector.IsHugoApp(ISourceRepo sourceRepo, String&amp; appDirectory) in /__w/1/s/Oryx/src/Detector/Hugo/HugoDetector.cs:line 157
   at Microsoft.Oryx.Detector.Hugo.HugoDetector.Detect(DetectorContext context) in /__w/1/s/Oryx/src/Detector/Hugo/HugoDetector.cs:line 49
   at Microsoft.Oryx.BuildScriptGenerator.Hugo.HugoPlatform.Detect(RepositoryContext context) in /__w/1/s/Oryx/src/BuildScriptGenerator/Hugo/HugoPlatform.cs:line 61
   at Microsoft.Oryx.BuildScriptGenerator.DefaultPlatformsInformationProvider.GetPlatformsInfo(RepositoryContext context) in /__w/1/s/Oryx/src/BuildScriptGenerator/DefaultPlatformsInformationProvider.cs:line 65
   at Microsoft.Oryx.BuildScriptGenerator.DefaultBuildScriptGenerator.GenerateBashScript(BuildScriptGeneratorContext context, String&amp; script, List`1 checkerMessageSink) in /__w/1/s/Oryx/src/BuildScriptGenerator/DefaultBuildScriptGenerator.cs:line 75
   at Microsoft.Oryx.BuildScriptGeneratorCli.BuildScriptGenerator.TryGenerateScript(String&amp; generatedScript, Exception&amp; exception) in /__w/1/s/Oryx/src/BuildScriptGeneratorCli/BuildScriptGenerator.cs:line 63
   at Microsoft.Oryx.BuildScriptGeneratorCli.BuildCommand.Execute(IServiceProvider serviceProvider, IConsole console) in /__w/1/s/Oryx/src/BuildScriptGeneratorCli/Commands/BuildCommand.cs:line 278
   at Microsoft.Oryx.BuildScriptGeneratorCli.CommandBase.OnExecute(IConsole console) in /__w/1/s/Oryx/src/BuildScriptGeneratorCli/Commands/CommandBase.cs:line 87
/bin/bash -c &quot;oryx build /tmp/zipdeploy/extracted -o /home/site/wwwroot --platform python --platform-version 3.11 -p virtualenv_name=antenv --log-file /tmp/build-debug.log  -i /tmp/8de339594e5057d --compress-destination-dir | tee /tmp/oryx-build.log ; exit $PIPESTATUS &quot;" stackTrace="   at Kudu.Core.Infrastructure.Executable.ExecuteInternal(ITracer tracer, Func`2 onWriteOutput, Func`2 onWriteError, CancellationToken token, Encoding encoding, String arguments, Object[] args) in /tmp/KuduLite/Kudu.Core/Infrastructure/Executable.cs:line 239
   at Kudu.Core.Infrastructure.Executable.ExecuteWithProgressWriter(ILogger logger, ITracer tracer, CancellationToken token, String arguments, Object[] args) in /tmp/KuduLite/Kudu.Core/Infrastructure/Executable.cs:line 118
   at Kudu.Core.Deployment.Generator.ExternalCommandBuilder.RunCommand(DeploymentContext context, String command, Boolean ignoreManifest, CancellationToken token, String message) in /tmp/KuduLite/Kudu.Core/Deployment/Generator/ExternalCommandBuilder.cs:line 122" /><!-- duration: 4ms -->
                <step title="Error occurred" date="2025-12-05T00:31:13.840" type="error" text="Error: Oops... An unexpected error has occurred.
Error: Newtonsoft.Json.JsonReaderException: Error reading JObject from JsonReader. Current JsonReader item is not an object: StartArray. Path &apos;&apos;, line 1, position 1.
   at Newtonsoft.Json.Linq.JObject.Load(JsonReader reader, JsonLoadSettings settings)
   at Newtonsoft.Json.Linq.JObject.Parse(String json, JsonLoadSettings settings)
   at Newtonsoft.Json.Linq.JObject.Parse(String json)
   at Microsoft.Oryx.Detector.ParserHelper.ParseJsonFile(ISourceRepo sourceRepo, String filePath) in /__w/1/s/Oryx/src/Detector/ParserHelper.cs:line 86
   at Microsoft.Oryx.Detector.Hugo.HugoDetector.IsHugoJsonFile(ISourceRepo sourceRepo, String[] subPaths) in /__w/1/s/Oryx/src/Detector/Hugo/HugoDetector.cs:line 229
   at Microsoft.Oryx.Detector.Hugo.HugoDetector.IsHugoApp(ISourceRepo sourceRepo, String&amp; appDirectory) in /__w/1/s/Oryx/src/Detector/Hugo/HugoDetector.cs:line 157
   at Microsoft.Oryx.Detector.Hugo.HugoDetector.Detect(DetectorContext context) in /__w/1/s/Oryx/src/Detector/Hugo/HugoDetector.cs:line 49
   at Microsoft.Oryx.BuildScriptGenerator.Hugo.HugoPlatform.Detect(RepositoryContext context) in /__w/1/s/Oryx/src/BuildScriptGenerator/Hugo/HugoPlatform.cs:line 61
   at Microsoft.Oryx.BuildScriptGenerator.DefaultPlatformsInformationProvider.GetPlatformsInfo(RepositoryContext context) in /__w/1/s/Oryx/src/BuildScriptGenerator/DefaultPlatformsInformationProvider.cs:line 65
   at Microsoft.Oryx.BuildScriptGenerator.DefaultBuildScriptGenerator.GenerateBashScript(BuildScriptGeneratorContext context, String&amp; script, List`1 checkerMessageSink) in /__w/1/s/Oryx/src/BuildScriptGenerator/DefaultBuildScriptGenerator.cs:line 75
   at Microsoft.Oryx.BuildScriptGeneratorCli.BuildScriptGenerator.TryGenerateScript(String&amp; generatedScript, Exception&amp; exception) in /__w/1/s/Oryx/src/BuildScriptGeneratorCli/BuildScriptGenerator.cs:line 63
   at Microsoft.Oryx.BuildScriptGeneratorCli.BuildCommand.Execute(IServiceProvider serviceProvider, IConsole console) in /__w/1/s/Oryx/src/BuildScriptGeneratorCli/Commands/BuildCommand.cs:line 278
   at Microsoft.Oryx.BuildScriptGeneratorCli.CommandBase.OnExecute(IConsole console) in /__w/1/s/Oryx/src/BuildScriptGeneratorCli/Commands/CommandBase.cs:line 87
/bin/bash -c &quot;oryx build /tmp/zipdeploy/extracted -o /home/site/wwwroot --platform python --platform-version 3.11 -p virtualenv_name=antenv --log-file /tmp/build-debug.log  -i /tmp/8de339594e5057d --compress-destination-dir | tee /tmp/oryx-build.log ; exit $PIPESTATUS &quot;" stackTrace="   at Kudu.Core.Infrastructure.Executable.ExecuteInternal(ITracer tracer, Func`2 onWriteOutput, Func`2 onWriteError, CancellationToken token, Encoding encoding, String arguments, Object[] args) in /tmp/KuduLite/Kudu.Core/Infrastructure/Executable.cs:line 239
   at Kudu.Core.Infrastructure.Executable.ExecuteWithProgressWriter(ILogger logger, ITracer tracer, CancellationToken token, String arguments, Object[] args) in /tmp/KuduLite/Kudu.Core/Infrastructure/Executable.cs:line 118
   at Kudu.Core.Deployment.Generator.ExternalCommandBuilder.RunCommand(DeploymentContext context, String command, Boolean ignoreManifest, CancellationToken token, String message) in /tmp/KuduLite/Kudu.Core/Deployment/Generator/ExternalCommandBuilder.cs:line 122
   at Kudu.Core.Deployment.Generator.OryxBuilder.RunBuildCommand(IOryxArguments args, DeploymentContext context, CancellationToken token) in /tmp/KuduLite/Kudu.Core/Deployment/Generator/OryxBuilder.cs:line 295
   at Kudu.Core.Deployment.Generator.OryxBuilder.Build(DeploymentContext context, CancellationToken token) in /tmp/KuduLite/Kudu.Core/Deployment/Generator/OryxBuilder.cs:line 136
   at Kudu.Core.Deployment.DeploymentManager.Build(ChangeSet changeSet, ITracer tracer, IDisposable deployStep, IRepository repository, DeploymentInfoBase deploymentInfo, DeploymentAnalytics deploymentAnalytics, Boolean fullBuildByDefault, CancellationToken cancellationToken) in /tmp/KuduLite/Kudu.Core/Deployment/DeploymentManager.cs:line 771" /><!-- duration: 9ms -->
                <step title="Using PythonDeploymentLogParser" date="2025-12-05T00:31:14.122" /><!-- duration: 4ms -->
              </step><!-- duration: 7885ms -->
            </step><!-- duration: 8034ms -->
            <step title="Error occurred" date="2025-12-05T00:31:15.679" type="error" text="Error: Oops... An unexpected error has occurred.
Error: Newtonsoft.Json.JsonReaderException: Error reading JObject from JsonReader. Current JsonReader item is not an object: StartArray. Path &apos;&apos;, line 1, position 1.
   at Newtonsoft.Json.Linq.JObject.Load(JsonReader reader, JsonLoadSettings settings)
   at Newtonsoft.Json.Linq.JObject.Parse(String json, JsonLoadSettings settings)
   at Newtonsoft.Json.Linq.JObject.Parse(String json)
   at Microsoft.Oryx.Detector.ParserHelper.ParseJsonFile(ISourceRepo sourceRepo, String filePath) in /__w/1/s/Oryx/src/Detector/ParserHelper.cs:line 86
   at Microsoft.Oryx.Detector.Hugo.HugoDetector.IsHugoJsonFile(ISourceRepo sourceRepo, String[] subPaths) in /__w/1/s/Oryx/src/Detector/Hugo/HugoDetector.cs:line 229
   at Microsoft.Oryx.Detector.Hugo.HugoDetector.IsHugoApp(ISourceRepo sourceRepo, String&amp; appDirectory) in /__w/1/s/Oryx/src/Detector/Hugo/HugoDetector.cs:line 157
   at Microsoft.Oryx.Detector.Hugo.HugoDetector.Detect(DetectorContext context) in /__w/1/s/Oryx/src/Detector/Hugo/HugoDetector.cs:line 49
   at Microsoft.Oryx.BuildScriptGenerator.Hugo.HugoPlatform.Detect(RepositoryContext context) in /__w/1/s/Oryx/src/BuildScriptGenerator/Hugo/HugoPlatform.cs:line 61
   at Microsoft.Oryx.BuildScriptGenerator.DefaultPlatformsInformationProvider.GetPlatformsInfo(RepositoryContext context) in /__w/1/s/Oryx/src/BuildScriptGenerator/DefaultPlatformsInformationProvider.cs:line 65
   at Microsoft.Oryx.BuildScriptGenerator.DefaultBuildScriptGenerator.GenerateBashScript(BuildScriptGeneratorContext context, String&amp; script, List`1 checkerMessageSink) in /__w/1/s/Oryx/src/BuildScriptGenerator/DefaultBuildScriptGenerator.cs:line 75
   at Microsoft.Oryx.BuildScriptGeneratorCli.BuildScriptGenerator.TryGenerateScript(String&amp; generatedScript, Exception&amp; exception) in /__w/1/s/Oryx/src/BuildScriptGeneratorCli/BuildScriptGenerator.cs:line 63
   at Microsoft.Oryx.BuildScriptGeneratorCli.BuildCommand.Execute(IServiceProvider serviceProvider, IConsole console) in /__w/1/s/Oryx/src/BuildScriptGeneratorCli/Commands/BuildCommand.cs:line 278
   at Microsoft.Oryx.BuildScriptGeneratorCli.CommandBase.OnExecute(IConsole console) in /__w/1/s/Oryx/src/BuildScriptGeneratorCli/Commands/CommandBase.cs:line 87
/bin/bash -c &quot;oryx build /tmp/zipdeploy/extracted -o /home/site/wwwroot --platform python --platform-version 3.11 -p virtualenv_name=antenv --log-file /tmp/build-debug.log  -i /tmp/8de339594e5057d --compress-destination-dir | tee /tmp/oryx-build.log ; exit $PIPESTATUS &quot;" stackTrace="   at Kudu.Core.Infrastructure.Executable.ExecuteInternal(ITracer tracer, Func`2 onWriteOutput, Func`2 onWriteError, CancellationToken token, Encoding encoding, String arguments, Object[] args) in /tmp/KuduLite/Kudu.Core/Infrastructure/Executable.cs:line 239
   at Kudu.Core.Infrastructure.Executable.ExecuteWithProgressWriter(ILogger logger, ITracer tracer, CancellationToken token, String arguments, Object[] args) in /tmp/KuduLite/Kudu.Core/Infrastructure/Executable.cs:line 118
   at Kudu.Core.Deployment.Generator.ExternalCommandBuilder.RunCommand(DeploymentContext context, String command, Boolean ignoreManifest, CancellationToken token, String message) in /tmp/KuduLite/Kudu.Core/Deployment/Generator/ExternalCommandBuilder.cs:line 122
   at Kudu.Core.Deployment.Generator.OryxBuilder.RunBuildCommand(IOryxArguments args, DeploymentContext context, CancellationToken token) in /tmp/KuduLite/Kudu.Core/Deployment/Generator/OryxBuilder.cs:line 295
   at Kudu.Core.Deployment.Generator.OryxBuilder.Build(DeploymentContext context, CancellationToken token) in /tmp/KuduLite/Kudu.Core/Deployment/Generator/OryxBuilder.cs:line 136
   at Kudu.Core.Deployment.DeploymentManager.Build(ChangeSet changeSet, ITracer tracer, IDisposable deployStep, IRepository repository, DeploymentInfoBase deploymentInfo, DeploymentAnalytics deploymentAnalytics, Boolean fullBuildByDefault, CancellationToken cancellationToken) in /tmp/KuduLite/Kudu.Core/Deployment/DeploymentManager.cs:line 771
   at Kudu.Core.Deployment.DeploymentManager.Build(ChangeSet changeSet, ITracer tracer, IDisposable deployStep, IRepository repository, DeploymentInfoBase deploymentInfo, DeploymentAnalytics deploymentAnalytics, Boolean fullBuildByDefault, CancellationToken cancellationToken) in /tmp/KuduLite/Kudu.Core/Deployment/DeploymentManager.cs:line 840" /><!-- duration: 5ms -->
            <step title="Cleaning up temp files" date="2025-12-05T00:31:15.759" /><!-- duration: 7ms -->
            <step title="Cleaning up temp files" date="2025-12-05T00:31:15.771" /><!-- duration: 515ms -->
            <step title="Error occurred" date="2025-12-05T00:31:16.316" type="error" text="Error: Oops... An unexpected error has occurred.
Error: Newtonsoft.Json.JsonReaderException: Error reading JObject from JsonReader. Current JsonReader item is not an object: StartArray. Path &apos;&apos;, line 1, position 1.
   at Newtonsoft.Json.Linq.JObject.Load(JsonReader reader, JsonLoadSettings settings)
   at Newtonsoft.Json.Linq.JObject.Parse(String json, JsonLoadSettings settings)
   at Newtonsoft.Json.Linq.JObject.Parse(String json)
   at Microsoft.Oryx.Detector.ParserHelper.ParseJsonFile(ISourceRepo sourceRepo, String filePath) in /__w/1/s/Oryx/src/Detector/ParserHelper.cs:line 86
   at Microsoft.Oryx.Detector.Hugo.HugoDetector.IsHugoJsonFile(ISourceRepo sourceRepo, String[] subPaths) in /__w/1/s/Oryx/src/Detector/Hugo/HugoDetector.cs:line 229
   at Microsoft.Oryx.Detector.Hugo.HugoDetector.IsHugoApp(ISourceRepo sourceRepo, String&amp; appDirectory) in /__w/1/s/Oryx/src/Detector/Hugo/HugoDetector.cs:line 157
   at Microsoft.Oryx.Detector.Hugo.HugoDetector.Detect(DetectorContext context) in /__w/1/s/Oryx/src/Detector/Hugo/HugoDetector.cs:line 49
   at Microsoft.Oryx.BuildScriptGenerator.Hugo.HugoPlatform.Detect(RepositoryContext context) in /__w/1/s/Oryx/src/BuildScriptGenerator/Hugo/HugoPlatform.cs:line 61
   at Microsoft.Oryx.BuildScriptGenerator.DefaultPlatformsInformationProvider.GetPlatformsInfo(RepositoryContext context) in /__w/1/s/Oryx/src/BuildScriptGenerator/DefaultPlatformsInformationProvider.cs:line 65
   at Microsoft.Oryx.BuildScriptGenerator.DefaultBuildScriptGenerator.GenerateBashScript(BuildScriptGeneratorContext context, String&amp; script, List`1 checkerMessageSink) in /__w/1/s/Oryx/src/BuildScriptGenerator/DefaultBuildScriptGenerator.cs:line 75
   at Microsoft.Oryx.BuildScriptGeneratorCli.BuildScriptGenerator.TryGenerateScript(String&amp; generatedScript, Exception&amp; exception) in /__w/1/s/Oryx/src/BuildScriptGeneratorCli/BuildScriptGenerator.cs:line 63
   at Microsoft.Oryx.BuildScriptGeneratorCli.BuildCommand.Execute(IServiceProvider serviceProvider, IConsole console) in /__w/1/s/Oryx/src/BuildScriptGeneratorCli/Commands/BuildCommand.cs:line 278
   at Microsoft.Oryx.BuildScriptGeneratorCli.CommandBase.OnExecute(IConsole console) in /__w/1/s/Oryx/src/BuildScriptGeneratorCli/Commands/CommandBase.cs:line 87
/bin/bash -c &quot;oryx build /tmp/zipdeploy/extracted -o /home/site/wwwroot --platform python --platform-version 3.11 -p virtualenv_name=antenv --log-file /tmp/build-debug.log  -i /tmp/8de339594e5057d --compress-destination-dir | tee /tmp/oryx-build.log ; exit $PIPESTATUS &quot;" stackTrace="   at Kudu.Core.Infrastructure.Executable.ExecuteInternal(ITracer tracer, Func`2 onWriteOutput, Func`2 onWriteError, CancellationToken token, Encoding encoding, String arguments, Object[] args) in /tmp/KuduLite/Kudu.Core/Infrastructure/Executable.cs:line 239
   at Kudu.Core.Infrastructure.Executable.ExecuteWithProgressWriter(ILogger logger, ITracer tracer, CancellationToken token, String arguments, Object[] args) in /tmp/KuduLite/Kudu.Core/Infrastructure/Executable.cs:line 118
   at Kudu.Core.Deployment.Generator.ExternalCommandBuilder.RunCommand(DeploymentContext context, String command, Boolean ignoreManifest, CancellationToken token, String message) in /tmp/KuduLite/Kudu.Core/Deployment/Generator/ExternalCommandBuilder.cs:line 122
   at Kudu.Core.Deployment.Generator.OryxBuilder.RunBuildCommand(IOryxArguments args, DeploymentContext context, CancellationToken token) in /tmp/KuduLite/Kudu.Core/Deployment/Generator/OryxBuilder.cs:line 295
   at Kudu.Core.Deployment.Generator.OryxBuilder.Build(DeploymentContext context, CancellationToken token) in /tmp/KuduLite/Kudu.Core/Deployment/Generator/OryxBuilder.cs:line 136
   at Kudu.Core.Deployment.DeploymentManager.Build(ChangeSet changeSet, ITracer tracer, IDisposable deployStep, IRepository repository, DeploymentInfoBase deploymentInfo, DeploymentAnalytics deploymentAnalytics, Boolean fullBuildByDefault, CancellationToken cancellationToken) in /tmp/KuduLite/Kudu.Core/Deployment/DeploymentManager.cs:line 771
   at Kudu.Core.Deployment.DeploymentManager.Build(ChangeSet changeSet, ITracer tracer, IDisposable deployStep, IRepository repository, DeploymentInfoBase deploymentInfo, DeploymentAnalytics deploymentAnalytics, Boolean fullBuildByDefault, CancellationToken cancellationToken) in /tmp/KuduLite/Kudu.Core/Deployment/DeploymentManager.cs:line 840
   at Kudu.Core.Deployment.DeploymentManager.DeployAsync(IRepository repository, ChangeSet changeSet, String deployer, Boolean clean, DeploymentInfoBase deploymentInfo, Boolean needFileUpdate, Boolean fullBuildByDefault) in /tmp/KuduLite/Kudu.Core/Deployment/DeploymentManager.cs:line 266" /><!-- duration: 6ms -->
          </step><!-- duration: 8846ms -->
          <step title="Reloading status file with latest updates" date="2025-12-05T00:31:16.384" >
            <step title="WebHooksManager.PublishEventAsync: PostDeployment" date="2025-12-05T00:31:16.391" /><!-- duration: 83ms -->
          </step><!-- duration: 94ms -->
          <step title="Error occurred" date="2025-12-05T00:31:16.483" type="error" text="Error: Oops... An unexpected error has occurred.
Error: Newtonsoft.Json.JsonReaderException: Error reading JObject from JsonReader. Current JsonReader item is not an object: StartArray. Path &apos;&apos;, line 1, position 1.
   at Newtonsoft.Json.Linq.JObject.Load(JsonReader reader, JsonLoadSettings settings)
   at Newtonsoft.Json.Linq.JObject.Parse(String json, JsonLoadSettings settings)
   at Newtonsoft.Json.Linq.JObject.Parse(String json)
   at Microsoft.Oryx.Detector.ParserHelper.ParseJsonFile(ISourceRepo sourceRepo, String filePath) in /__w/1/s/Oryx/src/Detector/ParserHelper.cs:line 86
   at Microsoft.Oryx.Detector.Hugo.HugoDetector.IsHugoJsonFile(ISourceRepo sourceRepo, String[] subPaths) in /__w/1/s/Oryx/src/Detector/Hugo/HugoDetector.cs:line 229
   at Microsoft.Oryx.Detector.Hugo.HugoDetector.IsHugoApp(ISourceRepo sourceRepo, String&amp; appDirectory) in /__w/1/s/Oryx/src/Detector/Hugo/HugoDetector.cs:line 157
   at Microsoft.Oryx.Detector.Hugo.HugoDetector.Detect(DetectorContext context) in /__w/1/s/Oryx/src/Detector/Hugo/HugoDetector.cs:line 49
   at Microsoft.Oryx.BuildScriptGenerator.Hugo.HugoPlatform.Detect(RepositoryContext context) in /__w/1/s/Oryx/src/BuildScriptGenerator/Hugo/HugoPlatform.cs:line 61
   at Microsoft.Oryx.BuildScriptGenerator.DefaultPlatformsInformationProvider.GetPlatformsInfo(RepositoryContext context) in /__w/1/s/Oryx/src/BuildScriptGenerator/DefaultPlatformsInformationProvider.cs:line 65
   at Microsoft.Oryx.BuildScriptGenerator.DefaultBuildScriptGenerator.GenerateBashScript(BuildScriptGeneratorContext context, String&amp; script, List`1 checkerMessageSink) in /__w/1/s/Oryx/src/BuildScriptGenerator/DefaultBuildScriptGenerator.cs:line 75
   at Microsoft.Oryx.BuildScriptGeneratorCli.BuildScriptGenerator.TryGenerateScript(String&amp; generatedScript, Exception&amp; exception) in /__w/1/s/Oryx/src/BuildScriptGeneratorCli/BuildScriptGenerator.cs:line 63
   at Microsoft.Oryx.BuildScriptGeneratorCli.BuildCommand.Execute(IServiceProvider serviceProvider, IConsole console) in /__w/1/s/Oryx/src/BuildScriptGeneratorCli/Commands/BuildCommand.cs:line 278
   at Microsoft.Oryx.BuildScriptGeneratorCli.CommandBase.OnExecute(IConsole console) in /__w/1/s/Oryx/src/BuildScriptGeneratorCli/Commands/CommandBase.cs:line 87
/bin/bash -c &quot;oryx build /tmp/zipdeploy/extracted -o /home/site/wwwroot --platform python --platform-version 3.11 -p virtualenv_name=antenv --log-file /tmp/build-debug.log  -i /tmp/8de339594e5057d --compress-destination-dir | tee /tmp/oryx-build.log ; exit $PIPESTATUS &quot;" stackTrace="   at Kudu.Core.Infrastructure.Executable.ExecuteInternal(ITracer tracer, Func`2 onWriteOutput, Func`2 onWriteError, CancellationToken token, Encoding encoding, String arguments, Object[] args) in /tmp/KuduLite/Kudu.Core/Infrastructure/Executable.cs:line 239
   at Kudu.Core.Infrastructure.Executable.ExecuteWithProgressWriter(ILogger logger, ITracer tracer, CancellationToken token, String arguments, Object[] args) in /tmp/KuduLite/Kudu.Core/Infrastructure/Executable.cs:line 118
   at Kudu.Core.Deployment.Generator.ExternalCommandBuilder.RunCommand(DeploymentContext context, String command, Boolean ignoreManifest, CancellationToken token, String message) in /tmp/KuduLite/Kudu.Core/Deployment/Generator/ExternalCommandBuilder.cs:line 122
   at Kudu.Core.Deployment.Generator.OryxBuilder.RunBuildCommand(IOryxArguments args, DeploymentContext context, CancellationToken token) in /tmp/KuduLite/Kudu.Core/Deployment/Generator/OryxBuilder.cs:line 295
   at Kudu.Core.Deployment.Generator.OryxBuilder.Build(DeploymentContext context, CancellationToken token) in /tmp/KuduLite/Kudu.Core/Deployment/Generator/OryxBuilder.cs:line 136
   at Kudu.Core.Deployment.DeploymentManager.Build(ChangeSet changeSet, ITracer tracer, IDisposable deployStep, IRepository repository, DeploymentInfoBase deploymentInfo, DeploymentAnalytics deploymentAnalytics, Boolean fullBuildByDefault, CancellationToken cancellationToken) in /tmp/KuduLite/Kudu.Core/Deployment/DeploymentManager.cs:line 771
   at Kudu.Core.Deployment.DeploymentManager.Build(ChangeSet changeSet, ITracer tracer, IDisposable deployStep, IRepository repository, DeploymentInfoBase deploymentInfo, DeploymentAnalytics deploymentAnalytics, Boolean fullBuildByDefault, CancellationToken cancellationToken) in /tmp/KuduLite/Kudu.Core/Deployment/DeploymentManager.cs:line 840
   at Kudu.Core.Deployment.DeploymentManager.DeployAsync(IRepository repository, ChangeSet changeSet, String deployer, Boolean clean, DeploymentInfoBase deploymentInfo, Boolean needFileUpdate, Boolean fullBuildByDefault) in /tmp/KuduLite/Kudu.Core/Deployment/DeploymentManager.cs:line 266" /><!-- duration: 6ms -->
          <step title="Marking deployment as failed and cleaning up the temp deployment" date="2025-12-05T00:31:16.558" /><!-- duration: 5ms -->
        </step><!-- duration: 10944ms -->
      </step><!-- duration: 11012ms -->
      <step title="Error occurred" date="2025-12-05T00:31:16.914" type="error" text="Deployment failed" stackTrace="   at Kudu.Core.Deployment.DeploymentManager.DeployAsync(IRepository repository, ChangeSet changeSet, String deployer, Boolean clean, DeploymentInfoBase deploymentInfo, Boolean needFileUpdate, Boolean fullBuildByDefault) in /tmp/KuduLite/Kudu.Core/Deployment/DeploymentManager.cs:line 307
   at Kudu.Core.Deployment.FetchDeploymentManager.PerformDeployment(DeploymentInfoBase deploymentInfo, IDisposable tempDeployment, ChangeSet tempChangeSet, DeployStatusApiResult updateStatusObj) in /tmp/KuduLite/Kudu.Core/Deployment/FetchDeploymentManager.cs:line 230
   at Kudu.Core.Deployment.FetchDeploymentManager.&lt;&gt;c__DisplayClass17_0.&lt;&lt;FetchDeploy&gt;b__0&gt;d.MoveNext() in /tmp/KuduLite/Kudu.Core/Deployment/FetchDeploymentManager.cs:line 131
--- End of stack trace from previous location ---
   at Kudu.Core.Deployment.FetchDeploymentManager.FetchDeploy(DeploymentInfoBase deployInfo, Boolean asyncRequested, Uri requestUri, String targetBranch) in /tmp/KuduLite/Kudu.Core/Deployment/FetchDeploymentManager.cs:line 124
   at Kudu.Services.Deployment.PushDeploymentController.PushDeployAsync(ArtifactDeploymentInfo deploymentInfo, Boolean isAsync, HttpContext context, JObject requestJson) in /tmp/KuduLite/Kudu.Services/Deployment/PushDeploymentController.cs:line 802
   at Kudu.Services.Deployment.PushDeploymentController.OneDeploy(String type, Boolean async, String path, Nullable`1 restart, Nullable`1 clean, Boolean ignoreStack, Boolean trackDeploymentProgress, Boolean trackStatus, Boolean reset) in /tmp/KuduLite/Kudu.Services/Deployment/PushDeploymentController.cs:line 624
   at Microsoft.AspNetCore.Mvc.Infrastructure.ActionMethodExecutor.TaskOfIActionResultExecutor.Execute(ActionContext actionContext, IActionResultTypeMapper mapper, ObjectMethodExecutor executor, Object controller, Object[] arguments)
   at Microsoft.AspNetCore.Mvc.Infrastructure.ControllerActionInvoker.&lt;InvokeActionMethodAsync&gt;g__Awaited|12_0(ControllerActionInvoker invoker, ValueTask`1 actionResultValueTask)
   at Microsoft.AspNetCore.Mvc.Infrastructure.ControllerActionInvoker.&lt;InvokeNextActionFilterAsync&gt;g__Awaited|10_0(ControllerActionInvoker invoker, Task lastTask, State next, Scope scope, Object state, Boolean isCompleted)
   at Microsoft.AspNetCore.Mvc.Infrastructure.ControllerActionInvoker.Rethrow(ActionExecutedContextSealed context)
   at Microsoft.AspNetCore.Mvc.Infrastructure.ControllerActionInvoker.Next(State&amp; next, Scope&amp; scope, Object&amp; state, Boolean&amp; isCompleted)
   at Microsoft.AspNetCore.Mvc.Infrastructure.ControllerActionInvoker.&lt;InvokeInnerFilterAsync&gt;g__Awaited|13_0(ControllerActionInvoker invoker, Task lastTask, State next, Scope scope, Object state, Boolean isCompleted)
   at Microsoft.AspNetCore.Mvc.Infrastructure.ResourceInvoker.&lt;InvokeNextResourceFilter&gt;g__Awaited|25_0(ResourceInvoker invoker, Task lastTask, State next, Scope scope, Object state, Boolean isCompleted)
   at Microsoft.AspNetCore.Mvc.Infrastructure.ResourceInvoker.Rethrow(ResourceExecutedContextSealed context)
   at Microsoft.AspNetCore.Mvc.Infrastructure.ResourceInvoker.Next(State&amp; next, Scope&amp; scope, Object&amp; state, Boolean&amp; isCompleted)
   at Microsoft.AspNetCore.Mvc.Infrastructure.ResourceInvoker.&lt;InvokeFilterPipelineAsync&gt;g__Awaited|20_0(ResourceInvoker invoker, Task lastTask, State next, Scope scope, Object state, Boolean isCompleted)
   at Microsoft.AspNetCore.Mvc.Infrastructure.ResourceInvoker.&lt;InvokeAsync&gt;g__Awaited|17_0(ResourceInvoker invoker, Task task, IDisposable scope)
   at Microsoft.AspNetCore.Mvc.Infrastructure.ResourceInvoker.&lt;InvokeAsync&gt;g__Awaited|17_0(ResourceInvoker invoker, Task task, IDisposable scope)
   at Microsoft.AspNetCore.Builder.RouterMiddleware.Invoke(HttpContext httpContext)
   at Kudu.Services.Web.Tracing.TraceMiddleware.Invoke(HttpContext context) in /tmp/KuduLite/Kudu.Services.Web/Tracing/TraceMiddleware.cs:line 101" innerText="Error: Oops... An unexpected error has occurred.
Error: Newtonsoft.Json.JsonReaderException: Error reading JObject from JsonReader. Current JsonReader item is not an object: StartArray. Path &apos;&apos;, line 1, position 1.
   at Newtonsoft.Json.Linq.JObject.Load(JsonReader reader, JsonLoadSettings settings)
   at Newtonsoft.Json.Linq.JObject.Parse(String json, JsonLoadSettings settings)
   at Newtonsoft.Json.Linq.JObject.Parse(String json)
   at Microsoft.Oryx.Detector.ParserHelper.ParseJsonFile(ISourceRepo sourceRepo, String filePath) in /__w/1/s/Oryx/src/Detector/ParserHelper.cs:line 86
   at Microsoft.Oryx.Detector.Hugo.HugoDetector.IsHugoJsonFile(ISourceRepo sourceRepo, String[] subPaths) in /__w/1/s/Oryx/src/Detector/Hugo/HugoDetector.cs:line 229
   at Microsoft.Oryx.Detector.Hugo.HugoDetector.IsHugoApp(ISourceRepo sourceRepo, String&amp; appDirectory) in /__w/1/s/Oryx/src/Detector/Hugo/HugoDetector.cs:line 157
   at Microsoft.Oryx.Detector.Hugo.HugoDetector.Detect(DetectorContext context) in /__w/1/s/Oryx/src/Detector/Hugo/HugoDetector.cs:line 49
   at Microsoft.Oryx.BuildScriptGenerator.Hugo.HugoPlatform.Detect(RepositoryContext context) in /__w/1/s/Oryx/src/BuildScriptGenerator/Hugo/HugoPlatform.cs:line 61
   at Microsoft.Oryx.BuildScriptGenerator.DefaultPlatformsInformationProvider.GetPlatformsInfo(RepositoryContext context) in /__w/1/s/Oryx/src/BuildScriptGenerator/DefaultPlatformsInformationProvider.cs:line 65
   at Microsoft.Oryx.BuildScriptGenerator.DefaultBuildScriptGenerator.GenerateBashScript(BuildScriptGeneratorContext context, String&amp; script, List`1 checkerMessageSink) in /__w/1/s/Oryx/src/BuildScriptGenerator/DefaultBuildScriptGenerator.cs:line 75
   at Microsoft.Oryx.BuildScriptGeneratorCli.BuildScriptGenerator.TryGenerateScript(String&amp; generatedScript, Exception&amp; exception) in /__w/1/s/Oryx/src/BuildScriptGeneratorCli/BuildScriptGenerator.cs:line 63
   at Microsoft.Oryx.BuildScriptGeneratorCli.BuildCommand.Execute(IServiceProvider serviceProvider, IConsole console) in /__w/1/s/Oryx/src/BuildScriptGeneratorCli/Commands/BuildCommand.cs:line 278
   at Microsoft.Oryx.BuildScriptGeneratorCli.CommandBase.OnExecute(IConsole console) in /__w/1/s/Oryx/src/BuildScriptGeneratorCli/Commands/CommandBase.cs:line 87
/bin/bash -c &quot;oryx build /tmp/zipdeploy/extracted -o /home/site/wwwroot --platform python --platform-version 3.11 -p virtualenv_name=antenv --log-file /tmp/build-debug.log  -i /tmp/8de339594e5057d --compress-destination-dir | tee /tmp/oryx-build.log ; exit $PIPESTATUS &quot;" innerStackTrace="   at Kudu.Core.Infrastructure.Executable.ExecuteInternal(ITracer tracer, Func`2 onWriteOutput, Func`2 onWriteError, CancellationToken token, Encoding encoding, String arguments, Object[] args) in /tmp/KuduLite/Kudu.Core/Infrastructure/Executable.cs:line 239
   at Kudu.Core.Infrastructure.Executable.ExecuteWithProgressWriter(ILogger logger, ITracer tracer, CancellationToken token, String arguments, Object[] args) in /tmp/KuduLite/Kudu.Core/Infrastructure/Executable.cs:line 118
   at Kudu.Core.Deployment.Generator.ExternalCommandBuilder.RunCommand(DeploymentContext context, String command, Boolean ignoreManifest, CancellationToken token, String message) in /tmp/KuduLite/Kudu.Core/Deployment/Generator/ExternalCommandBuilder.cs:line 122
   at Kudu.Core.Deployment.Generator.OryxBuilder.RunBuildCommand(IOryxArguments args, DeploymentContext context, CancellationToken token) in /tmp/KuduLite/Kudu.Core/Deployment/Generator/OryxBuilder.cs:line 295
   at Kudu.Core.Deployment.Generator.OryxBuilder.Build(DeploymentContext context, CancellationToken token) in /tmp/KuduLite/Kudu.Core/Deployment/Generator/OryxBuilder.cs:line 136
   at Kudu.Core.Deployment.DeploymentManager.Build(ChangeSet changeSet, ITracer tracer, IDisposable deployStep, IRepository repository, DeploymentInfoBase deploymentInfo, DeploymentAnalytics deploymentAnalytics, Boolean fullBuildByDefault, CancellationToken cancellationToken) in /tmp/KuduLite/Kudu.Core/Deployment/DeploymentManager.cs:line 771
   at Kudu.Core.Deployment.DeploymentManager.Build(ChangeSet changeSet, ITracer tracer, IDisposable deployStep, IRepository repository, DeploymentInfoBase deploymentInfo, DeploymentAnalytics deploymentAnalytics, Boolean fullBuildByDefault, CancellationToken cancellationToken) in /tmp/KuduLite/Kudu.Core/Deployment/DeploymentManager.cs:line 840
   at Kudu.Core.Deployment.DeploymentManager.DeployAsync(IRepository repository, ChangeSet changeSet, String deployer, Boolean clean, DeploymentInfoBase deploymentInfo, Boolean needFileUpdate, Boolean fullBuildByDefault) in /tmp/KuduLite/Kudu.Core/Deployment/DeploymentManager.cs:line 266" /><!-- duration: 18ms -->
      <step title="Incoming Request" date="2025-12-05T00:31:17.045" url="/Error?type=zip" method="POST" type="request" pid="768,1,16" Accept="*/*" Host="kr-pricing-api.scm.azurewebsites.net" User-Agent="AZURECLI/2.80.0 (MSI)" Accept-Encoding="gzip, deflate" Authorization="Bea..." Cache-Control="no-cache" Content-Type="application/octet-stream" Cookie="ARRAffinity=5e7dc0e5c5a5403cba4c17e7c5bb24f69c4e8ffc46ad70011d7b912926566007; ARRAffinitySameSite=5e7dc0e5c5a5403cba4c17e7c5bb24f69c4e8ffc46ad70011d7b912926566007" Content-Length="26255099" x-ms-client-request-id="985720d2-d171-11f0-a924-7412b3bc5cec" x-ms-artifact-checksum="3da504a0d4aa0b8982dff4602bd4e66f557b82c1d7732f0f7fc1cc46fd0f9e2f" X-ARR-LOG-ID="985720d2-d171-11f0-a924-7412b3bc5cec" CLIENT-IP="24.227.166.130:57640" X-SITE-DEPLOYMENT-ID="kr-pricing-api" WAS-DEFAULT-HOSTNAME="kr-pricing-api.scm.azurewebsites.net" X-Forwarded-Proto="https" X-AppService-Proto="https" X-Forwarded-TlsVersion="1.3" X-WAWS-Unencoded-URL="/api/publish?type=zip" X-Client-IP="24.227.166.130" X-Client-Port="57640" >
        <step title="Outgoing response" date="2025-12-05T00:31:17.173" type="response" statusCode="400" statusText="BadRequest" /><!-- duration: 5ms -->
      </step><!-- duration: 141ms -->
