{
  "default_above_max": 1.10,
  "multipliers": {
    "0": 4.35,
    "1": 4.20,
    "2": 4.50,
    "3": 3.90,
    "4": 3.75,
    "5": 3.60,
    "6": 3.45,
    "7": 3.30,
    "8": 3.10,
    "9": 2.90,
    "10": 2.70,
    "11": 2.47,
    "12": 2.30,
    "13": 2.20,
    "14": 2.10,
    "15": 2.00,
    "16": 1.90,
    "17": 1.80,
    "18": 1.76,
    "19": 1.73,
    "20": 1.70,
    "21": 1.68,
    "22": 1.66,
    "23": 1.64,
    "24": 1.62,
    "25": 1.60,
    "26": 1.58,
    "27": 1.56,
    "28": 1.54,
    "29": 1.52,
    "30": 1.50,
    "31": 1.47,
    "32": 1.44,
    "33": 1.42,
    "34": 1.41,
    "35": 1.40,
    "36": 1.39,
    "37": 1.38,
    "38": 1.37,
    "39": 1.36,
    "40": 1.35,
    "41": 1.34,
    "42": 1.33,
    "43": 1.32,
    "44": 1.31,
    "45": 1.30,
    "46": 1.29,
    "47": 1.28,
    "48": 1.27,
    "49": 1.26,
    "50": 1.25,
    "51": 1.24,
    "52": 1.23,
    "53": 1.22,
    "54": 1.21,
    "55": 1.20,
    "56": 1.19,
    "57": 1.18,
    "58": 1.17,
    "59": 1.16,
    "60": 1.15,
    "61": 1.14,
    "62": 1.13,
    "63": 1.12,
    "64": 1.11
  }
}
