<step title="Incoming Request" date="2025-12-05T00:58:10.539" instance="5e7dc0" url="/api/zipdeploy?isAsync=true" method="POST" type="request" pid="768,1,21" Accept="*/*" Host="kr-pricing-api.scm.azurewebsites.net" User-Agent="AZURECLI/2.80.0 (MSI)" Accept-Encoding="gzip, deflate" Authorization="Bea..." Cache-Control="no-cache" Content-Type="application/octet-stream" Content-Length="51504772" x-ms-client-request-id="7261f67f-d175-11f0-a785-7412b3bc5cec" x-ms-artifact-checksum="9a9875a9dfca951e7fa6b58d9340d5c532652c497561f50395891f763aea27ce" X-ARR-LOG-ID="7261f67f-d175-11f0-a785-7412b3bc5cec" CLIENT-IP="24.227.166.130:55008" X-SITE-DEPLOYMENT-ID="kr-pricing-api" WAS-DEFAULT-HOSTNAME="kr-pricing-api.scm.azurewebsites.net" X-Forwarded-Proto="https" X-AppService-Proto="https" X-Forwarded-TlsVersion="1.3" X-WAWS-Unencoded-URL="/api/zipdeploy?isAsync=true" X-Client-IP="24.227.166.130" X-Client-Port="55008" >
  <step title="Cleanup Xml Logs" date="2025-12-05T00:58:10.554" /><!-- duration: 19ms -->
  <step title="ZipPushDeploy" date="2025-12-05T00:58:10.621" >
    <step title="ZipDeploy. Extract zip. Remote build." date="2025-12-05T00:58:10.649" /><!-- duration: 3ms -->
    <step title="Starting PushDeployAsync" date="2025-12-05T00:58:10.671" /><!-- duration: 4ms -->
    <step title="Writing artifact to /tmp/zipdeploy/1e16cf3a-0e77-4124-95bf-56c05ff54390.zip" date="2025-12-05T00:58:10.696" >
      <step title="Writing multipart request body to /tmp/zipdeploy/1e16cf3a-0e77-4124-95bf-56c05ff54390.zip" date="2025-12-05T00:58:10.700" /><!-- duration: 12ms -->
    </step><!-- duration: 36751ms -->
    <step title="Start deployment in the background" date="2025-12-05T00:58:47.488" >
      <step title="Acquiring Deployment Lock" date="2025-12-05T00:58:47.564" /><!-- duration: 4ms -->
      <step title="Acquired Deployment Lock" date="2025-12-05T00:58:47.601" /><!-- duration: 6ms -->
    </step><!-- duration: 210ms -->
  </step><!-- duration: 37084ms -->
  <step title="Outgoing response" date="2025-12-05T00:58:47.709" type="response" statusCode="202" statusText="Accepted" /><!-- duration: 4ms -->
</step><!-- duration: 37178ms -->
