<step title="Incoming Request" date="2025-12-05T00:21:53.143" instance="5e7dc0" url="/api/zipdeploy?isAsync=true" method="POST" type="request" pid="770,1,7" Accept="*/*" Host="kr-pricing-api.scm.azurewebsites.net" User-Agent="AZURECLI/2.80.0 (MSI)" Accept-Encoding="gzip, deflate" Authorization="Bea..." Cache-Control="no-cache" Content-Type="application/octet-stream" Content-Length="67211" x-ms-client-request-id="60d687a0-d170-11f0-a28a-7412b3bc5cec" x-ms-artifact-checksum="4eb8246a2f7af247dfd84888edd13c9be02b7848302f7569d99859e69fc81d55" X-ARR-LOG-ID="60d687a0-d170-11f0-a28a-7412b3bc5cec" CLIENT-IP="24.227.166.130:64896" X-SITE-DEPLOYMENT-ID="kr-pricing-api" WAS-DEFAULT-HOSTNAME="kr-pricing-api.scm.azurewebsites.net" X-Forwarded-Proto="https" X-AppService-Proto="https" X-Forwarded-TlsVersion="1.3" X-WAWS-Unencoded-URL="/api/zipdeploy?isAsync=true" X-Client-IP="24.227.166.130" X-Client-Port="64896" >
  <step title="Cleanup Xml Logs" date="2025-12-05T00:21:53.146" /><!-- duration: 12ms -->
  <step title="ZipPushDeploy" date="2025-12-05T00:21:53.195" >
    <step title="ZipDeploy. Extract zip." date="2025-12-05T00:21:53.208" /><!-- duration: 4ms -->
    <step title="Starting PushDeployAsync" date="2025-12-05T00:21:53.219" /><!-- duration: 5ms -->
    <step title="Writing artifact to /tmp/zipdeploy/62266314-5217-44d3-bb61-02ead9251561.zip" date="2025-12-05T00:21:53.244" >
      <step title="Writing multipart request body to /tmp/zipdeploy/62266314-5217-44d3-bb61-02ead9251561.zip" date="2025-12-05T00:21:53.248" /><!-- duration: 4ms -->
    </step><!-- duration: 56ms -->
    <step title="Start deployment in the background" date="2025-12-05T00:21:53.311" >
      <step title="Acquiring Deployment Lock" date="2025-12-05T00:21:53.345" /><!-- duration: 5ms -->
      <step title="Acquired Deployment Lock" date="2025-12-05T00:21:53.430" /><!-- duration: 10ms -->
    </step><!-- duration: 297ms -->
  </step><!-- duration: 421ms -->
  <step title="Outgoing response" date="2025-12-05T00:21:53.635" type="response" statusCode="202" statusText="Accepted" /><!-- duration: 11ms -->
</step><!-- duration: 507ms -->
