<step title="BackgroundTrace" date="2025-12-05T00:53:28.281" instance="5e7dc0" url="/api/zipdeploy" method="POST" >
  <step title="Cleanup Xml Logs" date="2025-12-05T00:53:28.287" /><!-- duration: 7ms -->
  <step title="Creating temporary deployment - FetchDeploymentManager" date="2025-12-05T00:53:28.413" /><!-- duration: 4ms -->
  <step title="Creating temporary deployment" date="2025-12-05T00:53:28.422" /><!-- duration: 97ms -->
  <step title="Performing fetch based deployment" date="2025-12-05T00:53:28.628" >
    <step title="Cleaning up temp folders from previous zip deployments and extracting pushed zip file /tmp/zipdeploy/3569798e-efc5-4adc-8959-1dc35e6caf3d.zip (48.98 MB) to /tmp/zipdeploy/extracted" date="2025-12-05T00:53:29.797" >
      <step title="ChmodRecursive Process exited with total time taken in ms: 86" date="2025-12-05T00:53:30.700" /><!-- duration: 10ms -->
    </step><!-- duration: 953ms -->
    <step title="Deployment timer started" date="2025-12-05T00:53:32.807" >
      <step title="DeploymentManager.Deploy(id:f0b87234-5191-4999-9763-00b3600b9574)" date="2025-12-05T00:53:32.817" >
        <step title="Collecting changeset information" date="2025-12-05T00:53:32.832" /><!-- duration: 132ms -->
        <step title="Updating submodules" date="2025-12-05T00:53:32.999" /><!-- duration: 1192ms -->
        <step title="Determining deployment builder" date="2025-12-05T00:53:34.463" >
          <step title="Builder is OryxBuilder" date="2025-12-05T00:53:34.494" /><!-- duration: 6ms -->
        </step><!-- duration: 41ms -->
        <step title="PreDeployment: context.CleanOutputPath False" date="2025-12-05T00:53:34.567" >
          <step title="PreDeployment: context.OutputPath /home/site/wwwroot" date="2025-12-05T00:53:34.697" >
            <step title="Building" date="2025-12-05T00:53:34.846" >
              <step title="Executing external process" date="2025-12-05T00:53:35.191" type="process" path="bash" arguments="-c &quot;oryx build /tmp/zipdeploy/extracted -o /home/site/wwwroot --platform python --platform-version 3.11 -p virtualenv_name=antenv --log-file /tmp/build-debug.log  -i /tmp/8de3398b7d0b4f5 --compress-destination-dir | tee /tmp/oryx-build.log ; exit $PIPESTATUS &quot;" >
                <step title="Process dump" date="2025-12-05T00:53:38.648" exitCode="1" type="processOutput" /><!-- duration: 35ms -->
              </step><!-- duration: 3528ms -->
              <step title="Error occurred" date="2025-12-05T00:53:38.790" type="error" text="Error: Oops... An unexpected error has occurred.
Error: Newtonsoft.Json.JsonReaderException: Error reading JObject from JsonReader. Current JsonReader item is not an object: StartArray. Path &apos;&apos;, line 1, position 1.
   at Newtonsoft.Json.Linq.JObject.Load(JsonReader reader, JsonLoadSettings settings)
   at Newtonsoft.Json.Linq.JObject.Parse(String json, JsonLoadSettings settings)
   at Newtonsoft.Json.Linq.JObject.Parse(String json)
   at Microsoft.Oryx.Detector.ParserHelper.ParseJsonFile(ISourceRepo sourceRepo, String filePath) in /__w/1/s/Oryx/src/Detector/ParserHelper.cs:line 86
   at Microsoft.Oryx.Detector.Hugo.HugoDetector.IsHugoJsonFile(ISourceRepo sourceRepo, String[] subPaths) in /__w/1/s/Oryx/src/Detector/Hugo/HugoDetector.cs:line 229
   at Microsoft.Oryx.Detector.Hugo.HugoDetector.IsHugoApp(ISourceRepo sourceRepo, String&amp; appDirectory) in /__w/1/s/Oryx/src/Detector/Hugo/HugoDetector.cs:line 157
   at Microsoft.Oryx.Detector.Hugo.HugoDetector.Detect(DetectorContext context) in /__w/1/s/Oryx/src/Detector/Hugo/HugoDetector.cs:line 49
   at Microsoft.Oryx.BuildScriptGenerator.Hugo.HugoPlatform.Detect(RepositoryContext context) in /__w/1/s/Oryx/src/BuildScriptGenerator/Hugo/HugoPlatform.cs:line 61
   at Microsoft.Oryx.BuildScriptGenerator.DefaultPlatformsInformationProvider.GetPlatformsInfo(RepositoryContext context) in /__w/1/s/Oryx/src/BuildScriptGenerator/DefaultPlatformsInformationProvider.cs:line 65
   at Microsoft.Oryx.BuildScriptGenerator.DefaultBuildScriptGenerator.GenerateBashScript(BuildScriptGeneratorContext context, String&amp; script, List`1 checkerMessageSink) in /__w/1/s/Oryx/src/BuildScriptGenerator/DefaultBuildScriptGenerator.cs:line 75
   at Microsoft.Oryx.BuildScriptGeneratorCli.BuildScriptGenerator.TryGenerateScript(String&amp; generatedScript, Exception&amp; exception) in /__w/1/s/Oryx/src/BuildScriptGeneratorCli/BuildScriptGenerator.cs:line 63
   at Microsoft.Oryx.BuildScriptGeneratorCli.BuildCommand.Execute(IServiceProvider serviceProvider, IConsole console) in /__w/1/s/Oryx/src/BuildScriptGeneratorCli/Commands/BuildCommand.cs:line 278
   at Microsoft.Oryx.BuildScriptGeneratorCli.CommandBase.OnExecute(IConsole console) in /__w/1/s/Oryx/src/BuildScriptGeneratorCli/Commands/CommandBase.cs:line 87
/bin/bash -c &quot;oryx build /tmp/zipdeploy/extracted -o /home/site/wwwroot --platform python --platform-version 3.11 -p virtualenv_name=antenv --log-file /tmp/build-debug.log  -i /tmp/8de3398b7d0b4f5 --compress-destination-dir | tee /tmp/oryx-build.log ; exit $PIPESTATUS &quot;" stackTrace="   at Kudu.Core.Infrastructure.Executable.ExecuteInternal(ITracer tracer, Func`2 onWriteOutput, Func`2 onWriteError, CancellationToken token, Encoding encoding, String arguments, Object[] args) in /tmp/KuduLite/Kudu.Core/Infrastructure/Executable.cs:line 239
   at Kudu.Core.Infrastructure.Executable.ExecuteWithProgressWriter(ILogger logger, ITracer tracer, CancellationToken token, String arguments, Object[] args) in /tmp/KuduLite/Kudu.Core/Infrastructure/Executable.cs:line 118
   at Kudu.Core.Deployment.Generator.ExternalCommandBuilder.RunCommand(DeploymentContext context, String command, Boolean ignoreManifest, CancellationToken token, String message) in /tmp/KuduLite/Kudu.Core/Deployment/Generator/ExternalCommandBuilder.cs:line 122" /><!-- duration: 9ms -->
              <step title="Error occurred" date="2025-12-05T00:53:38.943" type="error" text="Error: Oops... An unexpected error has occurred.
Error: Newtonsoft.Json.JsonReaderException: Error reading JObject from JsonReader. Current JsonReader item is not an object: StartArray. Path &apos;&apos;, line 1, position 1.
   at Newtonsoft.Json.Linq.JObject.Load(JsonReader reader, JsonLoadSettings settings)
   at Newtonsoft.Json.Linq.JObject.Parse(String json, JsonLoadSettings settings)
   at Newtonsoft.Json.Linq.JObject.Parse(String json)
   at Microsoft.Oryx.Detector.ParserHelper.ParseJsonFile(ISourceRepo sourceRepo, String filePath) in /__w/1/s/Oryx/src/Detector/ParserHelper.cs:line 86
   at Microsoft.Oryx.Detector.Hugo.HugoDetector.IsHugoJsonFile(ISourceRepo sourceRepo, String[] subPaths) in /__w/1/s/Oryx/src/Detector/Hugo/HugoDetector.cs:line 229
   at Microsoft.Oryx.Detector.Hugo.HugoDetector.IsHugoApp(ISourceRepo sourceRepo, String&amp; appDirectory) in /__w/1/s/Oryx/src/Detector/Hugo/HugoDetector.cs:line 157
   at Microsoft.Oryx.Detector.Hugo.HugoDetector.Detect(DetectorContext context) in /__w/1/s/Oryx/src/Detector/Hugo/HugoDetector.cs:line 49
   at Microsoft.Oryx.BuildScriptGenerator.Hugo.HugoPlatform.Detect(RepositoryContext context) in /__w/1/s/Oryx/src/BuildScriptGenerator/Hugo/HugoPlatform.cs:line 61
   at Microsoft.Oryx.BuildScriptGenerator.DefaultPlatformsInformationProvider.GetPlatformsInfo(RepositoryContext context) in /__w/1/s/Oryx/src/BuildScriptGenerator/DefaultPlatformsInformationProvider.cs:line 65
   at Microsoft.Oryx.BuildScriptGenerator.DefaultBuildScriptGenerator.GenerateBashScript(BuildScriptGeneratorContext context, String&amp; script, List`1 checkerMessageSink) in /__w/1/s/Oryx/src/BuildScriptGenerator/DefaultBuildScriptGenerator.cs:line 75
   at Microsoft.Oryx.BuildScriptGeneratorCli.BuildScriptGenerator.TryGenerateScript(String&amp; generatedScript, Exception&amp; exception) in /__w/1/s/Oryx/src/BuildScriptGeneratorCli/BuildScriptGenerator.cs:line 63
   at Microsoft.Oryx.BuildScriptGeneratorCli.BuildCommand.Execute(IServiceProvider serviceProvider, IConsole console) in /__w/1/s/Oryx/src/BuildScriptGeneratorCli/Commands/BuildCommand.cs:line 278
   at Microsoft.Oryx.BuildScriptGeneratorCli.CommandBase.OnExecute(IConsole console) in /__w/1/s/Oryx/src/BuildScriptGeneratorCli/Commands/CommandBase.cs:line 87
/bin/bash -c &quot;oryx build /tmp/zipdeploy/extracted -o /home/site/wwwroot --platform python --platform-version 3.11 -p virtualenv_name=antenv --log-file /tmp/build-debug.log  -i /tmp/8de3398b7d0b4f5 --compress-destination-dir | tee /tmp/oryx-build.log ; exit $PIPESTATUS &quot;" stackTrace="   at Kudu.Core.Infrastructure.Executable.ExecuteInternal(ITracer tracer, Func`2 onWriteOutput, Func`2 onWriteError, CancellationToken token, Encoding encoding, String arguments, Object[] args) in /tmp/KuduLite/Kudu.Core/Infrastructure/Executable.cs:line 239
   at Kudu.Core.Infrastructure.Executable.ExecuteWithProgressWriter(ILogger logger, ITracer tracer, CancellationToken token, String arguments, Object[] args) in /tmp/KuduLite/Kudu.Core/Infrastructure/Executable.cs:line 118
   at Kudu.Core.Deployment.Generator.ExternalCommandBuilder.RunCommand(DeploymentContext context, String command, Boolean ignoreManifest, CancellationToken token, String message) in /tmp/KuduLite/Kudu.Core/Deployment/Generator/ExternalCommandBuilder.cs:line 122
   at Kudu.Core.Deployment.Generator.OryxBuilder.RunBuildCommand(IOryxArguments args, DeploymentContext context, CancellationToken token) in /tmp/KuduLite/Kudu.Core/Deployment/Generator/OryxBuilder.cs:line 295
   at Kudu.Core.Deployment.Generator.OryxBuilder.Build(DeploymentContext context, CancellationToken token) in /tmp/KuduLite/Kudu.Core/Deployment/Generator/OryxBuilder.cs:line 136
   at Kudu.Core.Deployment.DeploymentManager.Build(ChangeSet changeSet, ITracer tracer, IDisposable deployStep, IRepository repository, DeploymentInfoBase deploymentInfo, DeploymentAnalytics deploymentAnalytics, Boolean fullBuildByDefault, CancellationToken cancellationToken) in /tmp/KuduLite/Kudu.Core/Deployment/DeploymentManager.cs:line 771" /><!-- duration: 30ms -->
              <step title="Using PythonDeploymentLogParser" date="2025-12-05T00:53:39.210" /><!-- duration: 13ms -->
              <step title="Purge deployment items" date="2025-12-05T00:53:40.705" >
                <step title="Remove 4e79cc70-, Failed, received at 12/05/2025 00:31:05" date="2025-12-05T00:53:40.766" /><!-- duration: 5ms -->
              </step><!-- duration: 69ms -->
            </step><!-- duration: 5938ms -->
          </step><!-- duration: 6092ms -->
          <step title="Error occurred" date="2025-12-05T00:53:40.794" type="error" text="Error: Oops... An unexpected error has occurred.
Error: Newtonsoft.Json.JsonReaderException: Error reading JObject from JsonReader. Current JsonReader item is not an object: StartArray. Path &apos;&apos;, line 1, position 1.
   at Newtonsoft.Json.Linq.JObject.Load(JsonReader reader, JsonLoadSettings settings)
   at Newtonsoft.Json.Linq.JObject.Parse(String json, JsonLoadSettings settings)
   at Newtonsoft.Json.Linq.JObject.Parse(String json)
   at Microsoft.Oryx.Detector.ParserHelper.ParseJsonFile(ISourceRepo sourceRepo, String filePath) in /__w/1/s/Oryx/src/Detector/ParserHelper.cs:line 86
   at Microsoft.Oryx.Detector.Hugo.HugoDetector.IsHugoJsonFile(ISourceRepo sourceRepo, String[] subPaths) in /__w/1/s/Oryx/src/Detector/Hugo/HugoDetector.cs:line 229
   at Microsoft.Oryx.Detector.Hugo.HugoDetector.IsHugoApp(ISourceRepo sourceRepo, String&amp; appDirectory) in /__w/1/s/Oryx/src/Detector/Hugo/HugoDetector.cs:line 157
   at Microsoft.Oryx.Detector.Hugo.HugoDetector.Detect(DetectorContext context) in /__w/1/s/Oryx/src/Detector/Hugo/HugoDetector.cs:line 49
   at Microsoft.Oryx.BuildScriptGenerator.Hugo.HugoPlatform.Detect(RepositoryContext context) in /__w/1/s/Oryx/src/BuildScriptGenerator/Hugo/HugoPlatform.cs:line 61
   at Microsoft.Oryx.BuildScriptGenerator.DefaultPlatformsInformationProvider.GetPlatformsInfo(RepositoryContext context) in /__w/1/s/Oryx/src/BuildScriptGenerator/DefaultPlatformsInformationProvider.cs:line 65
   at Microsoft.Oryx.BuildScriptGenerator.DefaultBuildScriptGenerator.GenerateBashScript(BuildScriptGeneratorContext context, String&amp; script, List`1 checkerMessageSink) in /__w/1/s/Oryx/src/BuildScriptGenerator/DefaultBuildScriptGenerator.cs:line 75
   at Microsoft.Oryx.BuildScriptGeneratorCli.BuildScriptGenerator.TryGenerateScript(String&amp; generatedScript, Exception&amp; exception) in /__w/1/s/Oryx/src/BuildScriptGeneratorCli/BuildScriptGenerator.cs:line 63
   at Microsoft.Oryx.BuildScriptGeneratorCli.BuildCommand.Execute(IServiceProvider serviceProvider, IConsole console) in /__w/1/s/Oryx/src/BuildScriptGeneratorCli/Commands/BuildCommand.cs:line 278
   at Microsoft.Oryx.BuildScriptGeneratorCli.CommandBase.OnExecute(IConsole console) in /__w/1/s/Oryx/src/BuildScriptGeneratorCli/Commands/CommandBase.cs:line 87
/bin/bash -c &quot;oryx build /tmp/zipdeploy/extracted -o /home/site/wwwroot --platform python --platform-version 3.11 -p virtualenv_name=antenv --log-file /tmp/build-debug.log  -i /tmp/8de3398b7d0b4f5 --compress-destination-dir | tee /tmp/oryx-build.log ; exit $PIPESTATUS &quot;" stackTrace="   at Kudu.Core.Infrastructure.Executable.ExecuteInternal(ITracer tracer, Func`2 onWriteOutput, Func`2 onWriteError, CancellationToken token, Encoding encoding, String arguments, Object[] args) in /tmp/KuduLite/Kudu.Core/Infrastructure/Executable.cs:line 239
   at Kudu.Core.Infrastructure.Executable.ExecuteWithProgressWriter(ILogger logger, ITracer tracer, CancellationToken token, String arguments, Object[] args) in /tmp/KuduLite/Kudu.Core/Infrastructure/Executable.cs:line 118
   at Kudu.Core.Deployment.Generator.ExternalCommandBuilder.RunCommand(DeploymentContext context, String command, Boolean ignoreManifest, CancellationToken token, String message) in /tmp/KuduLite/Kudu.Core/Deployment/Generator/ExternalCommandBuilder.cs:line 122
   at Kudu.Core.Deployment.Generator.OryxBuilder.RunBuildCommand(IOryxArguments args, DeploymentContext context, CancellationToken token) in /tmp/KuduLite/Kudu.Core/Deployment/Generator/OryxBuilder.cs:line 295
   at Kudu.Core.Deployment.Generator.OryxBuilder.Build(DeploymentContext context, CancellationToken token) in /tmp/KuduLite/Kudu.Core/Deployment/Generator/OryxBuilder.cs:line 136
   at Kudu.Core.Deployment.DeploymentManager.Build(ChangeSet changeSet, ITracer tracer, IDisposable deployStep, IRepository repository, DeploymentInfoBase deploymentInfo, DeploymentAnalytics deploymentAnalytics, Boolean fullBuildByDefault, CancellationToken cancellationToken) in /tmp/KuduLite/Kudu.Core/Deployment/DeploymentManager.cs:line 771
   at Kudu.Core.Deployment.DeploymentManager.Build(ChangeSet changeSet, ITracer tracer, IDisposable deployStep, IRepository repository, DeploymentInfoBase deploymentInfo, DeploymentAnalytics deploymentAnalytics, Boolean fullBuildByDefault, CancellationToken cancellationToken) in /tmp/KuduLite/Kudu.Core/Deployment/DeploymentManager.cs:line 840" /><!-- duration: 5ms -->
          <step title="Cleaning up temp files" date="2025-12-05T00:53:40.850" /><!-- duration: 19ms -->
          <step title="Cleaning up temp files" date="2025-12-05T00:53:40.879" /><!-- duration: 522ms -->
          <step title="Error occurred" date="2025-12-05T00:53:41.445" type="error" text="Error: Oops... An unexpected error has occurred.
Error: Newtonsoft.Json.JsonReaderException: Error reading JObject from JsonReader. Current JsonReader item is not an object: StartArray. Path &apos;&apos;, line 1, position 1.
   at Newtonsoft.Json.Linq.JObject.Load(JsonReader reader, JsonLoadSettings settings)
   at Newtonsoft.Json.Linq.JObject.Parse(String json, JsonLoadSettings settings)
   at Newtonsoft.Json.Linq.JObject.Parse(String json)
   at Microsoft.Oryx.Detector.ParserHelper.ParseJsonFile(ISourceRepo sourceRepo, String filePath) in /__w/1/s/Oryx/src/Detector/ParserHelper.cs:line 86
   at Microsoft.Oryx.Detector.Hugo.HugoDetector.IsHugoJsonFile(ISourceRepo sourceRepo, String[] subPaths) in /__w/1/s/Oryx/src/Detector/Hugo/HugoDetector.cs:line 229
   at Microsoft.Oryx.Detector.Hugo.HugoDetector.IsHugoApp(ISourceRepo sourceRepo, String&amp; appDirectory) in /__w/1/s/Oryx/src/Detector/Hugo/HugoDetector.cs:line 157
   at Microsoft.Oryx.Detector.Hugo.HugoDetector.Detect(DetectorContext context) in /__w/1/s/Oryx/src/Detector/Hugo/HugoDetector.cs:line 49
   at Microsoft.Oryx.BuildScriptGenerator.Hugo.HugoPlatform.Detect(RepositoryContext context) in /__w/1/s/Oryx/src/BuildScriptGenerator/Hugo/HugoPlatform.cs:line 61
   at Microsoft.Oryx.BuildScriptGenerator.DefaultPlatformsInformationProvider.GetPlatformsInfo(RepositoryContext context) in /__w/1/s/Oryx/src/BuildScriptGenerator/DefaultPlatformsInformationProvider.cs:line 65
   at Microsoft.Oryx.BuildScriptGenerator.DefaultBuildScriptGenerator.GenerateBashScript(BuildScriptGeneratorContext context, String&amp; script, List`1 checkerMessageSink) in /__w/1/s/Oryx/src/BuildScriptGenerator/DefaultBuildScriptGenerator.cs:line 75
   at Microsoft.Oryx.BuildScriptGeneratorCli.BuildScriptGenerator.TryGenerateScript(String&amp; generatedScript, Exception&amp; exception) in /__w/1/s/Oryx/src/BuildScriptGeneratorCli/BuildScriptGenerator.cs:line 63
   at Microsoft.Oryx.BuildScriptGeneratorCli.BuildCommand.Execute(IServiceProvider serviceProvider, IConsole console) in /__w/1/s/Oryx/src/BuildScriptGeneratorCli/Commands/BuildCommand.cs:line 278
   at Microsoft.Oryx.BuildScriptGeneratorCli.CommandBase.OnExecute(IConsole console) in /__w/1/s/Oryx/src/BuildScriptGeneratorCli/Commands/CommandBase.cs:line 87
/bin/bash -c &quot;oryx build /tmp/zipdeploy/extracted -o /home/site/wwwroot --platform python --platform-version 3.11 -p virtualenv_name=antenv --log-file /tmp/build-debug.log  -i /tmp/8de3398b7d0b4f5 --compress-destination-dir | tee /tmp/oryx-build.log ; exit $PIPESTATUS &quot;" stackTrace="   at Kudu.Core.Infrastructure.Executable.ExecuteInternal(ITracer tracer, Func`2 onWriteOutput, Func`2 onWriteError, CancellationToken token, Encoding encoding, String arguments, Object[] args) in /tmp/KuduLite/Kudu.Core/Infrastructure/Executable.cs:line 239
   at Kudu.Core.Infrastructure.Executable.ExecuteWithProgressWriter(ILogger logger, ITracer tracer, CancellationToken token, String arguments, Object[] args) in /tmp/KuduLite/Kudu.Core/Infrastructure/Executable.cs:line 118
   at Kudu.Core.Deployment.Generator.ExternalCommandBuilder.RunCommand(DeploymentContext context, String command, Boolean ignoreManifest, CancellationToken token, String message) in /tmp/KuduLite/Kudu.Core/Deployment/Generator/ExternalCommandBuilder.cs:line 122
   at Kudu.Core.Deployment.Generator.OryxBuilder.RunBuildCommand(IOryxArguments args, DeploymentContext context, CancellationToken token) in /tmp/KuduLite/Kudu.Core/Deployment/Generator/OryxBuilder.cs:line 295
   at Kudu.Core.Deployment.Generator.OryxBuilder.Build(DeploymentContext context, CancellationToken token) in /tmp/KuduLite/Kudu.Core/Deployment/Generator/OryxBuilder.cs:line 136
   at Kudu.Core.Deployment.DeploymentManager.Build(ChangeSet changeSet, ITracer tracer, IDisposable deployStep, IRepository repository, DeploymentInfoBase deploymentInfo, DeploymentAnalytics deploymentAnalytics, Boolean fullBuildByDefault, CancellationToken cancellationToken) in /tmp/KuduLite/Kudu.Core/Deployment/DeploymentManager.cs:line 771
   at Kudu.Core.Deployment.DeploymentManager.Build(ChangeSet changeSet, ITracer tracer, IDisposable deployStep, IRepository repository, DeploymentInfoBase deploymentInfo, DeploymentAnalytics deploymentAnalytics, Boolean fullBuildByDefault, CancellationToken cancellationToken) in /tmp/KuduLite/Kudu.Core/Deployment/DeploymentManager.cs:line 840
   at Kudu.Core.Deployment.DeploymentManager.DeployAsync(IRepository repository, ChangeSet changeSet, String deployer, Boolean clean, DeploymentInfoBase deploymentInfo, Boolean needFileUpdate, Boolean fullBuildByDefault) in /tmp/KuduLite/Kudu.Core/Deployment/DeploymentManager.cs:line 266" /><!-- duration: 5ms -->
        </step><!-- duration: 6889ms -->
        <step title="Reloading status file with latest updates" date="2025-12-05T00:53:41.500" >
          <step title="WebHooksManager.PublishEventAsync: PostDeployment" date="2025-12-05T00:53:41.512" /><!-- duration: 108ms -->
        </step><!-- duration: 126ms -->
        <step title="Error occurred" date="2025-12-05T00:53:41.638" type="error" text="Error: Oops... An unexpected error has occurred.
Error: Newtonsoft.Json.JsonReaderException: Error reading JObject from JsonReader. Current JsonReader item is not an object: StartArray. Path &apos;&apos;, line 1, position 1.
   at Newtonsoft.Json.Linq.JObject.Load(JsonReader reader, JsonLoadSettings settings)
   at Newtonsoft.Json.Linq.JObject.Parse(String json, JsonLoadSettings settings)
   at Newtonsoft.Json.Linq.JObject.Parse(String json)
   at Microsoft.Oryx.Detector.ParserHelper.ParseJsonFile(ISourceRepo sourceRepo, String filePath) in /__w/1/s/Oryx/src/Detector/ParserHelper.cs:line 86
   at Microsoft.Oryx.Detector.Hugo.HugoDetector.IsHugoJsonFile(ISourceRepo sourceRepo, String[] subPaths) in /__w/1/s/Oryx/src/Detector/Hugo/HugoDetector.cs:line 229
   at Microsoft.Oryx.Detector.Hugo.HugoDetector.IsHugoApp(ISourceRepo sourceRepo, String&amp; appDirectory) in /__w/1/s/Oryx/src/Detector/Hugo/HugoDetector.cs:line 157
   at Microsoft.Oryx.Detector.Hugo.HugoDetector.Detect(DetectorContext context) in /__w/1/s/Oryx/src/Detector/Hugo/HugoDetector.cs:line 49
   at Microsoft.Oryx.BuildScriptGenerator.Hugo.HugoPlatform.Detect(RepositoryContext context) in /__w/1/s/Oryx/src/BuildScriptGenerator/Hugo/HugoPlatform.cs:line 61
   at Microsoft.Oryx.BuildScriptGenerator.DefaultPlatformsInformationProvider.GetPlatformsInfo(RepositoryContext context) in /__w/1/s/Oryx/src/BuildScriptGenerator/DefaultPlatformsInformationProvider.cs:line 65
   at Microsoft.Oryx.BuildScriptGenerator.DefaultBuildScriptGenerator.GenerateBashScript(BuildScriptGeneratorContext context, String&amp; script, List`1 checkerMessageSink) in /__w/1/s/Oryx/src/BuildScriptGenerator/DefaultBuildScriptGenerator.cs:line 75
   at Microsoft.Oryx.BuildScriptGeneratorCli.BuildScriptGenerator.TryGenerateScript(String&amp; generatedScript, Exception&amp; exception) in /__w/1/s/Oryx/src/BuildScriptGeneratorCli/BuildScriptGenerator.cs:line 63
   at Microsoft.Oryx.BuildScriptGeneratorCli.BuildCommand.Execute(IServiceProvider serviceProvider, IConsole console) in /__w/1/s/Oryx/src/BuildScriptGeneratorCli/Commands/BuildCommand.cs:line 278
   at Microsoft.Oryx.BuildScriptGeneratorCli.CommandBase.OnExecute(IConsole console) in /__w/1/s/Oryx/src/BuildScriptGeneratorCli/Commands/CommandBase.cs:line 87
/bin/bash -c &quot;oryx build /tmp/zipdeploy/extracted -o /home/site/wwwroot --platform python --platform-version 3.11 -p virtualenv_name=antenv --log-file /tmp/build-debug.log  -i /tmp/8de3398b7d0b4f5 --compress-destination-dir | tee /tmp/oryx-build.log ; exit $PIPESTATUS &quot;" stackTrace="   at Kudu.Core.Infrastructure.Executable.ExecuteInternal(ITracer tracer, Func`2 onWriteOutput, Func`2 onWriteError, CancellationToken token, Encoding encoding, String arguments, Object[] args) in /tmp/KuduLite/Kudu.Core/Infrastructure/Executable.cs:line 239
   at Kudu.Core.Infrastructure.Executable.ExecuteWithProgressWriter(ILogger logger, ITracer tracer, CancellationToken token, String arguments, Object[] args) in /tmp/KuduLite/Kudu.Core/Infrastructure/Executable.cs:line 118
   at Kudu.Core.Deployment.Generator.ExternalCommandBuilder.RunCommand(DeploymentContext context, String command, Boolean ignoreManifest, CancellationToken token, String message) in /tmp/KuduLite/Kudu.Core/Deployment/Generator/ExternalCommandBuilder.cs:line 122
   at Kudu.Core.Deployment.Generator.OryxBuilder.RunBuildCommand(IOryxArguments args, DeploymentContext context, CancellationToken token) in /tmp/KuduLite/Kudu.Core/Deployment/Generator/OryxBuilder.cs:line 295
   at Kudu.Core.Deployment.Generator.OryxBuilder.Build(DeploymentContext context, CancellationToken token) in /tmp/KuduLite/Kudu.Core/Deployment/Generator/OryxBuilder.cs:line 136
   at Kudu.Core.Deployment.DeploymentManager.Build(ChangeSet changeSet, ITracer tracer, IDisposable deployStep, IRepository repository, DeploymentInfoBase deploymentInfo, DeploymentAnalytics deploymentAnalytics, Boolean fullBuildByDefault, CancellationToken cancellationToken) in /tmp/KuduLite/Kudu.Core/Deployment/DeploymentManager.cs:line 771
   at Kudu.Core.Deployment.DeploymentManager.Build(ChangeSet changeSet, ITracer tracer, IDisposable deployStep, IRepository repository, DeploymentInfoBase deploymentInfo, DeploymentAnalytics deploymentAnalytics, Boolean fullBuildByDefault, CancellationToken cancellationToken) in /tmp/KuduLite/Kudu.Core/Deployment/DeploymentManager.cs:line 840
   at Kudu.Core.Deployment.DeploymentManager.DeployAsync(IRepository repository, ChangeSet changeSet, String deployer, Boolean clean, DeploymentInfoBase deploymentInfo, Boolean needFileUpdate, Boolean fullBuildByDefault) in /tmp/KuduLite/Kudu.Core/Deployment/DeploymentManager.cs:line 266" /><!-- duration: 18ms -->
        <step title="Marking deployment as failed and cleaning up the temp deployment" date="2025-12-05T00:53:41.778" /><!-- duration: 12ms -->
      </step><!-- duration: 9109ms -->
      <step title="Error occurred" date="2025-12-05T00:53:41.949" type="error" text="One or more errors occurred. (Deployment failed)" stackTrace="   at System.Threading.Tasks.Task.ThrowIfExceptional(Boolean includeTaskCanceledExceptions)
   at System.Threading.Tasks.Task.Wait(Int32 millisecondsTimeout, CancellationToken cancellationToken)
   at System.Threading.Tasks.Task.Wait()
   at Kudu.Core.Deployment.FetchDeploymentManager.&lt;&gt;c__DisplayClass22_1.&lt;PerformBackgroundDeployment&gt;b__3() in /tmp/KuduLite/Kudu.Core/Deployment/FetchDeploymentManager.cs:line 414
   at Kudu.Contracts.Infrastructure.LockExtensions.TryLockOperation(IOperationLock lockObj, Action operation, String operationName, TimeSpan timeout) in /tmp/KuduLite/Kudu.Contracts/Infrastructure/LockExtensions.cs:line 34
   at Kudu.Contracts.Infrastructure.LockExtensions.LockOperation(IOperationLock lockObj, Action operation, String operationName, TimeSpan timeout) in /tmp/KuduLite/Kudu.Contracts/Infrastructure/LockExtensions.cs:line 46
   at Kudu.Core.Deployment.FetchDeploymentManager.&lt;&gt;c__DisplayClass22_0.&lt;PerformBackgroundDeployment&gt;b__1() in /tmp/KuduLite/Kudu.Core/Deployment/FetchDeploymentManager.cs:line 393" innerText="Deployment failed" innerStackTrace="   at Kudu.Core.Deployment.DeploymentManager.DeployAsync(IRepository repository, ChangeSet changeSet, String deployer, Boolean clean, DeploymentInfoBase deploymentInfo, Boolean needFileUpdate, Boolean fullBuildByDefault) in /tmp/KuduLite/Kudu.Core/Deployment/DeploymentManager.cs:line 307
   at Kudu.Core.Deployment.FetchDeploymentManager.PerformDeployment(DeploymentInfoBase deploymentInfo, IDisposable tempDeployment, ChangeSet tempChangeSet, DeployStatusApiResult updateStatusObj) in /tmp/KuduLite/Kudu.Core/Deployment/FetchDeploymentManager.cs:line 230" /><!-- duration: 4ms -->
    </step><!-- duration: 9152ms -->
