﻿<?xml version="1.0" encoding="utf-8"?>
<deployment>
  <id>279342b4-24a9-4fde-a838-ce14e9175271</id>
  <author>N/A</author>
  <deployer>Push-Deployer</deployer>
  <authorEmail>N/A</authorEmail>
  <message>Created via a push deployment</message>
  <progress></progress>
  <status>Success</status>
  <statusText></statusText>
  <lastSuccessEndTime>2025-12-05T00:17:01.9199373Z</lastSuccessEndTime>
  <receivedTime>2025-12-05T00:16:54.8150703Z</receivedTime>
  <startTime>2025-12-05T00:16:56.285713Z</startTime>
  <endTime>2025-12-05T00:17:01.9199373Z</endTime>
  <complete>True</complete>
  <is_temp>False</is_temp>
  <is_readonly>True</is_readonly>
  <buildSummary />
</deployment>