<step title="Incoming Request" date="2025-12-05T18:51:17.301" instance="8357d4" url="/api/zipdeploy?isAsync=true" method="POST" type="request" pid="770,1,5" Accept="*/*" Host="kr-pricing-api-v2.scm.azurewebsites.net" User-Agent="AZURECLI/2.80.0 (MSI)" Accept-Encoding="gzip, deflate" Authorization="Bea..." Cache-Control="no-cache" Content-Type="application/octet-stream" Content-Length="54147" x-ms-client-request-id="2fa01c70-d20b-11f0-baaa-7412b3bc5cec" x-ms-artifact-checksum="1690e2d68c760f527c707646d6fe204aaaf5768486add604c9d77e91c8acf049" X-ARR-LOG-ID="2fa01c70-d20b-11f0-baaa-7412b3bc5cec" CLIENT-IP="24.227.166.130:57986" X-SITE-DEPLOYMENT-ID="kr-pricing-api-v2" WAS-DEFAULT-HOSTNAME="kr-pricing-api-v2.scm.azurewebsites.net" X-Forwarded-Proto="https" X-AppService-Proto="https" X-Forwarded-TlsVersion="1.3" X-WAWS-Unencoded-URL="/api/zipdeploy?isAsync=true" X-Client-IP="24.227.166.130" X-Client-Port="57986" >
  <step title="ZipPushDeploy" date="2025-12-05T18:51:18.585" >
    <step title="ZipDeploy. Extract zip. Remote build." date="2025-12-05T18:51:18.684" /><!-- duration: 10ms -->
    <step title="None repository commit" date="2025-12-05T18:51:18.731" >
      <step title="Commit id: 165e3462-b2ca-49aa-83e1-b898f7b41323" date="2025-12-05T18:51:18.741" Message="N/A" AuthorName="N/A" AuthorEmail="N/A" /><!-- duration: 11ms -->
    </step><!-- duration: 28ms -->
    <step title="Starting PushDeployAsync" date="2025-12-05T18:51:18.763" /><!-- duration: 7ms -->
    <step title="Writing artifact to /tmp/zipdeploy/d08cd165-5f3f-4117-86e5-8a531c343e29.zip" date="2025-12-05T18:51:18.792" >
      <step title="Writing multipart request body to /tmp/zipdeploy/d08cd165-5f3f-4117-86e5-8a531c343e29.zip" date="2025-12-05T18:51:18.801" /><!-- duration: 3ms -->
    </step><!-- duration: 59ms -->
    <step title="Start deployment in the background" date="2025-12-05T18:51:18.926" >
      <step title="Acquiring Deployment Lock" date="2025-12-05T18:51:18.993" /><!-- duration: 31ms -->
      <step title="Acquired Deployment Lock" date="2025-12-05T18:51:19.227" /><!-- duration: 9ms -->
    </step><!-- duration: 545ms -->
  </step><!-- duration: 933ms -->
  <step title="Outgoing response" date="2025-12-05T18:51:19.566" type="response" statusCode="202" statusText="Accepted" /><!-- duration: 12ms -->
</step><!-- duration: 2285ms -->
