[
  { "min_weight": 200000, "weight_column": 32 },
  { "min_weight": 160000, "weight_column": 31 },
  { "min_weight": 120000, "weight_column": 30 },
  { "min_weight": 100000, "weight_column": 29 },
  { "min_weight": 80000,  "weight_column": 28 },
  { "min_weight": 70000,  "weight_column": 27 },
  { "min_weight": 60000,  "weight_column": 26 },
  { "min_weight": 50000,  "weight_column": 25 },
  { "min_weight": 45000,  "weight_column": 24 },
  { "min_weight": 40000,  "weight_column": 23 },
  { "min_weight": 35000,  "weight_column": 22 },
  { "min_weight": 30000,  "weight_column": 21 },
  { "min_weight": 25000,  "weight_column": 20 },
  { "min_weight": 20000,  "weight_column": 19 },
  { "min_weight": 15000,  "weight_column": 18 },
  { "min_weight": 10000,  "weight_column": 17 },
  { "min_weight": 7500,   "weight_column": 16 },
  { "min_weight": 5000,   "weight_column": 15 },
  { "min_weight": 4500,   "weight_column": 14 },
  { "min_weight": 4000,   "weight_column": 13 },
  { "min_weight": 3500,   "weight_column": 12 },
  { "min_weight": 3000,   "weight_column": 11 },
  { "min_weight": 2500,   "weight_column": 10 },
  { "min_weight": 2000,   "weight_column": 9 },
  { "min_weight": 1500,   "weight_column": 8 },
  { "min_weight": 1000,   "weight_column": 7 },
  { "min_weight": 750,    "weight_column": 6 },
  { "min_weight": 500,    "weight_column": 5 },
  { "min_weight": 350,    "weight_column": 4 },
  { "min_weight": 250,    "weight_column": 3 },
  { "min_weight": 200,    "weight_column": 2 },
  { "min_weight": 50,     "weight_column": 1 }
]
