﻿<?xml version="1.0" encoding="utf-8"?>
<deployment>
  <id>b02ce6dd-f4da-4ec3-b022-b9449dd18f61</id>
  <author>N/A</author>
  <deployer>Push-Deployer</deployer>
  <authorEmail>N/A</authorEmail>
  <message>Created via a push deployment</message>
  <progress></progress>
  <status>Success</status>
  <statusText></statusText>
  <lastSuccessEndTime>2025-12-05T00:22:09.7060909Z</lastSuccessEndTime>
  <receivedTime>2025-12-05T00:21:57.2339909Z</receivedTime>
  <startTime>2025-12-05T00:21:58.8479507Z</startTime>
  <endTime>2025-12-05T00:22:09.7060909Z</endTime>
  <complete>True</complete>
  <is_temp>False</is_temp>
  <is_readonly>True</is_readonly>
  <buildSummary />
</deployment>