﻿<?xml version="1.0" encoding="utf-8"?>
<deployment>
  <id>e878951b-dfd2-40c2-94be-a5bbbb30ecab</id>
  <author>N/A</author>
  <deployer>Push-Deployer</deployer>
  <authorEmail>N/A</authorEmail>
  <message>Created via a push deployment</message>
  <progress></progress>
  <status>Success</status>
  <statusText></statusText>
  <lastSuccessEndTime>2025-12-05T00:25:40.2213135Z</lastSuccessEndTime>
  <receivedTime>2025-12-05T00:25:30.1630207Z</receivedTime>
  <startTime>2025-12-05T00:25:31.7321057Z</startTime>
  <endTime>2025-12-05T00:25:40.2213135Z</endTime>
  <complete>True</complete>
  <is_temp>False</is_temp>
  <is_readonly>True</is_readonly>
  <buildSummary />
</deployment>